"","sample","project","paaScore","paaBin","scoreGenus","paaBinGenus"
"1","FF05464119","fitness",0,FALSE,0.110571111111111,FALSE
"2","FF05464140","fitness",0,FALSE,1.06027444444444,FALSE
"3","FF05464144","fitness",0,FALSE,0.110571111111111,FALSE
"4","FF05464165","fitness",0,FALSE,-0.839522222222222,FALSE
"5","FF05464166","fitness",0,FALSE,0.0592233333333333,FALSE
"6","FF05464197","fitness",0,FALSE,1.53522777777778,FALSE
"7","FF05464228","fitness",0,FALSE,-0.502281111111111,FALSE
"8","FF05464242","fitness",0.02833,TRUE,0.845974444444444,FALSE
"9","FF05464304","fitness",0,FALSE,1.15836777777778,FALSE
"10","FF05464343","fitness",0,FALSE,-0.839522222222222,FALSE
"11","FF05464387","fitness",0,FALSE,0.643284444444444,FALSE
"12","FF05464394","fitness",0,FALSE,1.15565555555556,FALSE
"13","FF05464407","fitness",0,FALSE,0.110571111111111,FALSE
"14","FF05464443","fitness",0,FALSE,1.12373333333333,FALSE
"15","FF05464475","fitness",0.00573,TRUE,0.526712222222222,FALSE
"16","FF05464521","fitness",0,FALSE,1.06027444444444,FALSE
"17","FF05464532","fitness",0,FALSE,0.956843333333333,FALSE
"18","FF05464542","fitness",0,FALSE,0.483018888888889,FALSE
"19","FF05464556","fitness",0,FALSE,0.812224444444444,FALSE
"20","FF05465958","fitness",0,FALSE,-0.600338888888889,FALSE
"21","FF05465961","fitness",0,FALSE,-3.21239888888889,FALSE
"22","FF05465964","fitness",0,FALSE,0.0722788888888889,FALSE
"23","FF05465966","fitness",0,FALSE,0.81683,FALSE
"24","FF05465968","fitness",0.11857,TRUE,0.752605555555556,FALSE
"25","FF05465981","fitness",0,FALSE,0.0453155555555556,FALSE
"26","FF05465989","fitness",0,FALSE,-0.436317777777778,FALSE
"27","FF05465995","fitness",0,FALSE,-1.64812444444444,FALSE
"28","FF05465996","fitness",0,FALSE,-0.430063333333333,FALSE
"29","FF05465999","fitness",0,FALSE,-0.294471111111111,FALSE
"30","FF05466000","fitness",0,FALSE,-0.502281111111111,FALSE
"31","FF05466001","fitness",0.02179,TRUE,-0.167055555555556,FALSE
"32","FF05466058","fitness",0,FALSE,0.0563888888888888,FALSE
"33","FF05466072","fitness",0,FALSE,0.169144444444444,FALSE
"34","FF05466077","fitness",0,FALSE,0.169144444444444,FALSE
"35","FF05466079","fitness",0,FALSE,0.6629,FALSE
"36","FF05466080","fitness",0,FALSE,0.27213,FALSE
"37","FF05466090","fitness",0.01525,TRUE,0.272594444444444,FALSE
"38","FF05466092","fitness",0,FALSE,0.46173,FALSE
"39","FF05466095","fitness",0,FALSE,0.687456666666667,FALSE
"40","FF05466111","fitness",0,FALSE,0.338917777777778,FALSE
"41","FF05466119","fitness",0,FALSE,0.401111111111111,FALSE
"42","FF05466127","fitness",0.03104,TRUE,0.912966666666667,FALSE
"43","FF05466129","fitness",0,FALSE,0.157766666666667,FALSE
"44","FF05466131","fitness",0,FALSE,-1.64812444444444,FALSE
"45","FF05466141","fitness",1.38766,TRUE,0.315614444444444,FALSE
"46","FF05466147","fitness",0,FALSE,-0.739517777777778,FALSE
"47","FF05466149","fitness",0,FALSE,0.687456666666667,FALSE
"48","FF05466150","fitness",0,FALSE,1.67184777777778,FALSE
"49","FF05466151","fitness",0.42113,TRUE,0.608612222222222,FALSE
"50","FF05466156","fitness",0,FALSE,-0.467953333333333,FALSE
"51","FF05466158","fitness",0,FALSE,1.35509333333333,FALSE
"52","FF05466170","fitness",0.42113,TRUE,0.608612222222222,FALSE
"53","FF05466177","fitness",0,FALSE,0.600332222222222,FALSE
"54","FF05466194","fitness",0,FALSE,-0.776564444444445,FALSE
"55","FF05466196","fitness",0,FALSE,0.0563888888888888,FALSE
"56","FF05466254","fitness",0,FALSE,0.956843333333333,FALSE
"57","FF05466258","fitness",1.38766,TRUE,0.315614444444444,FALSE
"58","FF05466260","fitness",0,FALSE,0.643284444444444,FALSE
"59","FF05466264","fitness",0,FALSE,-0.37269,FALSE
"60","FF05466271","fitness",0.13148,TRUE,0.959086666666667,FALSE
"61","FF05466275","fitness",0,FALSE,0.426204444444444,FALSE
"62","FF05466285","fitness",0,FALSE,0.709176666666667,FALSE
"63","FF05466286","fitness",0.16076,TRUE,0.638942222222222,FALSE
"64","FF05466292","fitness",0,FALSE,-0.432918888888889,FALSE
"65","FF05466293","fitness",0.05135,TRUE,1.02781111111111,FALSE
"66","FF05466297","fitness",0,FALSE,0.0563888888888888,FALSE
"67","FF05466302","fitness",0,FALSE,-1.64812444444444,FALSE
"68","FF05466305","fitness",0,FALSE,0.0592233333333333,FALSE
"69","FF05466307","fitness",0,FALSE,-0.367954444444444,FALSE
"70","FF05466308","fitness",0.16076,TRUE,0.638942222222222,FALSE
"71","FF05466309","fitness",0.57814,TRUE,-0.126826666666667,FALSE
"72","FF05466313","fitness",0,FALSE,0.102363333333333,FALSE
"73","FF05466314","fitness",0,FALSE,-0.198081111111111,FALSE
"74","FF05466328","fitness",0,FALSE,0.132518888888889,FALSE
"75","FF05466332","fitness",0,FALSE,0.623915555555556,FALSE
"76","FF05466346","fitness",0,FALSE,0.492125555555555,FALSE
"77","FF05466375","fitness",0,FALSE,-0.0635422222222222,FALSE
"78","FF05466380","fitness",0.57814,TRUE,-0.126826666666667,FALSE
"79","FF05466382","fitness",0,FALSE,-0.600338888888889,FALSE
"80","FF05466384","fitness",0,FALSE,0.27213,FALSE
"81","FF05466387","fitness",0.25549,TRUE,0.575528888888889,FALSE
"82","FF05466537","fitness",0,FALSE,-0.430063333333333,FALSE
"83","FF05466551","fitness",0.42113,TRUE,0.608612222222222,FALSE
"84","FF05466560","fitness",0,FALSE,-0.0635422222222222,FALSE
"85","FF05466562","fitness",0,FALSE,-1.07498444444444,FALSE
"86","FF05466564","fitness",0.29733,TRUE,0.360263333333333,FALSE
"87","FF05466567","fitness",0,FALSE,0.132518888888889,FALSE
"88","FF05466568","fitness",0.13148,TRUE,0.959086666666667,FALSE
"89","FF05466580","fitness",0,FALSE,0.426204444444444,FALSE
"90","FF05466581","fitness",0,FALSE,0.426204444444444,FALSE
"91","FF05466582","fitness",0,FALSE,-0.37269,FALSE
"92","FF05466584","fitness",0,FALSE,0.531752222222222,FALSE
"93","FF05466588","fitness",0.15273,TRUE,0.722302222222222,FALSE
"94","FF05466594","fitness",0,FALSE,-1.01616111111111,FALSE
"95","FF05466597","fitness",0,FALSE,0.531752222222222,FALSE
"96","FF05466606","fitness",0,FALSE,-0.274825555555555,FALSE
"97","FF05466611","fitness",0,FALSE,0.687456666666667,FALSE
"98","FF05466614","fitness",0,FALSE,1.53522777777778,FALSE
"99","FF05466617","fitness",2.25436,TRUE,0.286431111111111,FALSE
"100","FF05466619","fitness",0,FALSE,0.709176666666667,FALSE
"101","FF05466624","fitness",0,FALSE,-1.01616111111111,FALSE
"102","FF05466627","fitness",0,FALSE,0.483018888888889,FALSE
"103","FF05466731","fitness",0,FALSE,0.531752222222222,FALSE
"104","FF05466734","fitness",0,FALSE,0.426204444444444,FALSE
"105","FF05466735","fitness",0.15273,TRUE,0.722302222222222,FALSE
"106","FF05466738","fitness",0.01633,TRUE,0.31245,FALSE
"107","FF05466747","fitness",0.00772,TRUE,0.962416666666667,FALSE
"108","FF05466751","fitness",0,FALSE,0.337408888888889,FALSE
"109","FF08034088","bewell",0.009695,FALSE,-3.4943175,FALSE
"110","FF08034120","bewell",0.100005,FALSE,1.4345825,FALSE
"111","FF08034123","bewell",0.21936,FALSE,-0.21488125,FALSE
"112","FF08034160","bewell",0.422385,FALSE,0.6824975,FALSE
"113","FF08034193","bewell",0.27041,FALSE,0.17196625,FALSE
"114","FF08034250","bewell",0.0064,FALSE,-0.0267724999999999,FALSE
"115","FF08034274","bewell",0.168845,FALSE,1.01768125,FALSE
"116","FF08034332","bewell",0.00343,FALSE,-0.39985125,FALSE
"117","FF08034347","bewell",0.0051,FALSE,0.0572837500000001,FALSE
"118","FF08034356","bewell",0.06145,FALSE,0.58852625,FALSE
"119","FF08034360","bewell",0.025935,FALSE,-1.70445625,FALSE
"120","FF08034417","bewell",0.000495,FALSE,-0.58186625,FALSE
"121","FF08034437","bewell",0.004185,FALSE,-1.123995,FALSE
"122","FF08034444","bewell",0.042735,FALSE,-0.26090625,FALSE
"123","FF08034460","bewell",0.00831,FALSE,-0.74378375,FALSE
"124","FF08034463","bewell",0.02325,FALSE,-0.98966125,FALSE
"125","FF08034468","bewell",0.046065,TRUE,0.2413675,FALSE
"126","FF08034501","bewell",0.010695,FALSE,-1.18743125,FALSE
"127","FF08034505","bewell",9e-04,FALSE,0.10988,FALSE
"128","FF08034510","bewell",0.034315,FALSE,-0.34732875,FALSE
"129","FF08034537","bewell",0.05461,FALSE,-0.306895,FALSE
"130","FF08034538","bewell",0.27979,FALSE,0.30432875,FALSE
