"","f__Acidaminococcaceae","f__Actinomycetaceae","f__Akkermansiaceae","f__Bacillales_unclassified","f__Bacteroidaceae","f__Barnesiellaceae","f__Bifidobacteriaceae","f__Brachyspiraceae","f__Campylobacteraceae","f__Candidatus_Gastranaerophilales_unclassified","f__Christensenellaceae","f__Clostridiaceae","f__Clostridiales_unclassified","f__Comamonadaceae","f__Coriobacteriaceae","f__Corynebacteriales_unclassified","f__Desulfovibrionaceae","f__Eggerthellaceae","f__Enterobacteriaceae","f__Enterococcaceae","f__Erysipelotrichaceae","f__Eubacteriaceae","f__Firmicutes_unclassified","f__Fusobacteriaceae","f__Hafniaceae","f__Lachnospiraceae","f__Lactobacillaceae","f__Methanobacteriaceae","f__Methanomassiliicoccaceae","f__Micrococcaceae","f__Odoribacteraceae","f__Oscillospiraceae","f__Oxalobacteraceae","f__Pasteurellaceae","f__Peptococcaceae","f__Peptoniphilaceae","f__Peptostreptococcaceae","f__Porphyromonadaceae","f__Prevotellaceae","f__Propionibacteriaceae","f__Proteobacteria_unclassified","f__Pseudomonadaceae","f__Rikenellaceae","f__Ruminococcaceae","f__Selenomonadaceae","f__Streptococcaceae","f__Sutterellaceae","f__Synergistaceae","f__Tannerellaceae","f__Veillonellaceae","f__Victivallaceae","f__Yersiniaceae"
"1-rB",0.09178,0,0,0,55.97305,1.20697,0,0,0,0,0,1.21854,1.0599,0,0.56853,0,0.14567,0.12608,2.46125,0,0.18855,1.09269,2.03798,0.49462,0,5.9546,0,0,0,0,1.87097,0,0.04431,0,0,0,0,0,0,0,0,0,0.7847,18.18409,0,0,0.032,0.0461,6.41761,0,0,0
"1-rP",0.14037,0,0,0,63.21181,2.29267,0,0,0,0,0,0.40886,0.54975,0,0.14445,0,0.12887,0.30213,0.1396,0,0.03359,1.36302,1.25422,0.69542,0,6.79256,0,0,0,0,1.84511,0,0.16775,0,0,0,0,0,0,0,0,0,0.93087,7.04858,0,0,0.01805,0,12.53233,0,0,0
"1-tB",0.06665,0.01399,0,0,23.2937,0.47024,0,0,0,0,0,0.39167,1.72119,0,0.05806,0,0.36203,0,0,0,0.01861,2.54396,1.08889,0.46904,0,39.71971,0.03963,0,0,0,0.91844,0,0.02877,0,0,0,0,0,0,0,0,0,0.3796,20.52422,0,0.49883,0,0,7.39279,0,0,0
"1-tP",0.09418,0,0,0,58.73808,2.26145,0,0,0,0,0,0.31022,3.05316,0,0.42061,0,0.23719,0.48912,4.90262,0,0.03546,2.02967,2.12009,0.65542,0,4.59561,0,0,0,0,1.04653,0,0.16147,0,0,0,0,0,0,0,0,0,1.18951,10.23672,0,0.03512,0,0,7.38777,0,0,0
"101-rB",0,0,3.20968,0,41.35292,2.5284,0.52818,0,0,0,0,0.07253,0.22547,0,0.25678,0,0.0442,0.04568,0,0,0,0.09987,1.83806,0,0,5.23699,0,1.4129,0.38678,0,2.05881,0.59289,0,0,0,0,0,0,0,0,0,0,13.55941,23.05779,0,0.22584,0,0.01232,3.17417,0.08031,0,0
"101-rP",0,0,1.15176,0,32.33106,3.32909,0.99814,0,0,0.00295,0,0.31395,0.09307,0,0.41558,0,0.0263,0.02647,0.03823,0,0,0.80797,1.22956,0,0,10.78355,0,0.83392,0,0,1.81184,0.74233,0,0,0,0,0,0,0,0,0,0,11.33392,29.34583,0,0.53897,0,0,3.80573,0.03978,0,0
"101-tB",0,0,0.72945,0,31.7147,5.31032,0.7605,0,0,0.10139,0,0.17455,0.18532,0,0.65216,0,0.05794,0.0712,0,0,0.113,1.64552,3.74409,0,0,5.21442,0,1.72723,0.05645,0,2.20002,0.15155,0,0,0,0,0.10395,0,0,0,0,0,16.29091,26.1405,0,0.04969,0,0,2.59951,0.20562,0,0
"101-tP",0,0,2.12955,0,32.41867,3.62083,0.11298,0,0,0.30659,0,0.18148,0.2145,0,0.47297,0,0.00513,0.0215,0,0,0.35164,1.00484,2.12489,0,0,4.13677,0,1.31538,0.18439,0,1.77568,0.3666,0,0,0,0,0.00198,0,0,0,0,0,12.20897,34.12826,0,0,0,0,2.87936,0.03705,0,0
"102-rB",0.23353,0,6.33324,0,18.32605,0,0,0,0,0,0,3.01979,0.51476,0,0.44883,0,0,1.5585,0,0,1.12743,0.99116,3.48803,0,0,10.4327,0.00633,0,0,0,0,1.75351,0,0,0,0,0.00447,0,0,0,0.02517,0,17.32328,29.90394,0,1.12411,1.49848,0,1.8867,0,0,0
"102-rP",0.25111,0,4.54204,0,12.10071,0,0,0,0,0,0,1.01533,0.22731,0,0.07829,0,0,2.09764,0,0,3.64253,14.47639,3.64012,0,0,24.03584,0,0,0,0,0,0.3221,0,0,0,0,0,0,0,0,0,0,2.10231,27.33762,0,2.05656,0.2118,0,1.8623,0,0,0
"102-tB",0.70796,0,6.98518,0,22.29592,0,0,0,0,0,0,1.28089,0.60485,0,0.06182,0,0,0.51574,0,0,1.28795,7.3184,0.95436,0,0,30.98858,0,0,0,0,0,0.25566,0,0,0,0,0,0,0,0,0.02411,0,12.26822,12.28461,0,0,1.08281,0,1.08294,0,0,0
"102-tP",0.45673,0,6.50459,0,51.10375,0,0,0,0,0,0,1.2483,0.07354,0,0.00844,0,0,0.10131,0,0,0.3524,1.13334,1.33692,0,0,14.06262,0,0,0,0,0,0.06781,0,0,0,0,0,0,0,0,0.03477,0,10.43479,7.47718,0,0.02767,1.27538,0,4.30045,0,0,0
"17-rB",0,0,0,0,27.64119,0,0,0,0,0,0,0.32801,0.30741,0,0.32942,0,0,0.05481,0,0,0.06626,1.63531,0.37179,0,0,42.64389,0,0,0,0,0,0,0,0,0,0,0,0,0,0,0,0,14.6639,10.28055,0,0.31772,0,0,0.79153,0.56823,0,0
"17-rP",0,0,0.02537,0,53.01312,0,0.67522,0,0,0,0,0.03394,0.56434,0,0.6615,0,0,0.13761,0,0,0,0.95616,0.10204,0,0,17.93613,0,0,0,0,0,0,0,0,0,0,0,0,0,0,0,0,10.44482,13.33459,0,0.05708,0,0,1.89286,0.16522,0,0
"17-tB",0,0,0,0,57.11925,0,0,0,0,0,0,0.07562,0.42325,0,0.49152,0,0,0.21453,0.13373,0,0.15267,0.96429,0.32293,0,0,23.00055,0,0,0,0,0,0,0,0,0,0,0.01263,0,0,0,0,0,6.10741,8.84694,0,0.16346,0,0,1.86382,0.10741,0,0
"17-tP",0,0,0.19038,0,44.85074,0,0.28461,0,0,0,0,0.51395,0.71158,0,0.55634,0,0,0.19132,0,0,0.07529,1.29714,0.18662,0,0,22.89216,0,0,0,0,0,0,0,0.00793,0,0,0,0,0,0,0,0,12.43572,14.19659,0,0.15501,0,0,1.3758,0.07884,0,0
"19-rB",0,0,0.52959,0,33.27506,0,2.03029,0.71905,0,0,0,0.32731,0.32218,0,3.36219,0,0.04684,0.42034,0,0,0.71412,2.45631,0.36565,0,0,16.01655,0,1.44657,0,0,0,1.81017,0,0,0,0,0,0,0.47864,0,0.15172,0,5.37677,21.32663,0,0,0.01971,0,8.80429,0,0,0
"19-rP",0,0,0.02192,0,39.48596,0,3.3835,1.33314,0,0,0,0.14296,0.17508,0,2.37151,0,0.05366,0.38771,0,0,1.83564,1.10334,0.20893,0,0,16.43175,0,1.11104,0,0,0,3.76644,0,0,0,0,0,0,0.12105,0,0.10071,0,5.3274,13.61436,0,0,0.00799,0,9.01589,0,0,0
"19-tB",0,0,0.33156,0,32.5303,0,1.95906,2.11071,0,0,0,0.08993,0.26258,0,3.56773,0,0.01733,0.26183,0,0,0.67539,3.02524,0.69576,0,0,19.37448,0,0.53646,0,0,0,0.52686,0,0,0,0,0,0,0.24631,0,0.01819,0,7.60648,21.68105,0,0.00098,0,0,4.48178,0,0,0
"19-tP",0,0,0.4795,0,40.46129,0,0.64552,2.30943,0,0,0,0.26085,0.28594,0,2.4072,0,0.02002,0.1852,0,0,0.81516,1.49262,0.23807,0,0,20.91886,0,0.83143,0,0,0,0.72658,0,0,0,0,0,0,0.26677,0,0.06283,0.16334,5.81182,15.02881,0,0,0,0,6.58877,0,0,0
"21-rB",0,0.00636,0,0,46.50467,0,0.97252,0,0,0,0,0.01843,0.14762,0,0,0,0,0.65333,0,0,0.06815,0,0.56694,0,0,24.80317,0,0,0,0,1.4232,2.35865,0,0.03766,0,0,0,0,0,0,0,0,1.63938,16.03332,0,1.48116,0,0,2.85959,0.42583,0,0
"21-rP",0,0,0,0,37.32965,0,0.90065,0,0,0,0,0,0.03032,0,0,0,0,0.25623,0,0,0.22978,0,0.09462,0,0,42.10662,0,0,0,0,1.18636,1.85019,0,0.06229,0,0,0,0,0,0,0,0,0.61802,10.03262,0,2.21339,0,0,2.30699,0.78227,0,0
"21-tB",0,0,0,0,50.27319,0,0.21657,0,0,0,0,0.00805,0.15212,0,0,0,0,0.43481,0,0,0.20685,0,0.3945,0,0,24.63131,0,0,0,0,2.10124,4.5508,0,0.00439,0,0,0,0,0,0,0,0,1.23235,10.67652,0,1.28165,0,0,3.542,0.29365,0,0
"21-tP",0,0,0,0,40.86831,0,0.55373,0,0,0,0,0,0.17469,0,0,0,0,0.3319,0,0,0.45504,0,0.17225,0,0,35.66122,0,0,0,0,1.49401,1.98022,0,0.02976,0,0,0,0,0,0,0,0,1.27561,11.48163,0,1.82216,0,0,2.61562,1.08383,0,0
"24-rB",0.60058,0,0,0,24.54624,5.6349,0.67966,0,0,0,0,0.34774,0.09107,0,0.8421,0,0.80202,0.16601,0.99825,0,0,3.01766,2.3208,0,0,8.2121,0,2.41432,1.30293,0,1.92057,0.18088,0,0,0,0,0,0.26613,0.71821,0,0.00267,0,14.25982,21.69286,0,0,0.83653,1.17324,6.97269,0,0,0
"24-rP",0.8023,0,0,0,25.39965,2.43304,0,0,0,0,0,0.04611,0.10902,0,0.08566,0,0.31591,0.19421,0,0,0.00957,2.4557,7.55397,0,0,5.0599,0,1.08494,1.3046,0,1.23436,0.43837,0,0,0,0,0,0.10167,5.72995,0,0.01327,0,4.43489,34.63793,0,0.06654,0.70879,0.47679,5.30287,0,0,0
"24-tB",0.46254,0,0,0,25.76165,2.05584,0.19282,0,0,0,0,0.21669,0,0,0.63148,0,0.32238,0.00599,0.17172,0,0,18.24509,4.50314,0,0,3.67637,0,2.55664,2.35591,0,0.63663,0.06856,0,0,0,0,0,0.11035,0.86525,0,0,0,4.27261,20.79972,0,0,0.70589,3.24464,8.1381,0,0,0
"24-tP",0.69122,0,0,0,16.04051,3.63738,0,0,0,0,0,0.3829,0.08465,0,0.65734,0,0.15984,0.01479,0,0,0.02131,1.73257,7.75911,0,0,10.34473,0,1.46401,1.16679,0,1.26259,1.13104,0,0,0,0,0,0.03462,25.84838,0,0,0,5.67067,17.13638,0,0,0.69084,0.85886,3.20947,0,0,0
"3-rB",0.96732,0,0,0,38.46333,0.41948,7.11103,0,0,0,0.0588,0.81722,0.15536,0,0.92721,0,1.33785,0.70657,0,0,0.40994,0.25869,3.70578,0,0,7.57588,0,0,0,0,0.38154,2.47789,0,0,0,0,0.19049,0,0,0,0,0,22.87073,6.97299,0,1.57516,0,0.77516,1.84159,0,0,0
"3-rP",1.63506,0,0,0,44.52973,1.17203,0.67819,0,0,0,0,0.69275,0,0,0.54767,0,1.42908,0.68468,0.34137,0,0.42793,0.32088,1.35794,0,0,3.45625,0,0,0,0,1.20946,0,0,0,0,0,0.23081,0,0,0,0,0,32.61127,5.15488,0,0.69987,0,0.01406,2.8061,0,0,0
"3-tB",0.348,0,0,0,39.25388,0.6213,4.0442,0,0,0,0,0.05513,0.17058,0,0.37864,0,0.65867,0.14809,0.08165,0,0.19907,0.09089,0.84732,0,0,4.28471,0.02199,0,0,0,1.00085,1.14438,0,0,0,0,0.06665,0,0,0,0,0,32.9385,6.11171,0,1.39968,0,1.87943,4.25468,0,0,0
"5-rB",0,0,0,0,0.14144,0,8.72913,0,0,0,0,0.06471,0.6321,0,15.2852,0,0,2.81052,0,0,1.26826,2.01699,0.94467,0,0,65.19392,0,0,0,0,0,0,0,0,0,0,0.01425,0,0,0,0,0,0.08947,1.6326,0.00257,1.17147,0,0,0.0027,0,0,0
"5-tB",0,0,0,0,38.00251,0,0.19831,0,0,0,0,4.72246,0.39887,0,2.38497,0,0.048,0.01816,0,0,0.17438,0.17832,0.02324,0,0,24.45954,0,0,0,0,0,0,0,0,0,0,0,0,0,0,0.96733,0,0,23.88115,0.48185,0.35684,0.03998,0,3.66409,0,0,0
"5-tP",0,0,0,0,56.12969,0,0,0,0,0,0,1.82735,0.49248,0,2.6067,0,0,0.52219,0,0,0.81969,0.45143,0.03488,0,0,21.00827,0,0,0,0,0,0,0,0,0,0,0,0,0,0,1.70012,0,0,12.11937,0,0.02862,0.0989,0,2.08997,0.07034,0,0
"52-rB",0,0,3.04031,0,23.58346,0.07419,4.58643,0,0,0,0.01565,1.03066,1.77922,0.06532,1.24715,0,0,1.06657,1.6691,0,0.24678,22.82961,3.08539,0,0,9.6508,0,0,0,0,0.5637,0,0,0,0,0,0.11695,0,0,0,0,0,16.93667,7.98574,0,0.12149,0,0.30482,0,0,0,0
"52-rP",0,0,1.7103,0,14.39345,0.09508,3.25681,0,0,0,0.00633,1.1895,3.45267,0.12554,1.03447,0,0,0.68836,0,0,0.32948,32.95358,2.76565,0,0,9.09163,0,0,0,0,0.44191,0,0,0,0,0,0.24454,0,0.02232,0,0,0,18.98602,8.88862,0,0.16528,0,0.05443,0,0.10401,0,0
"52-tB",0,0,2.80908,0,23.98837,0,1.42543,0,0,0,0,0.7532,0.84195,0,1.92992,0,0,0.80719,0,0,0.15244,25.47425,4.06845,0,0,14.27904,0,0,0,0,1.02803,0,0,0,0,0,0.26777,0,0,0,0,0,15.00545,6.43113,0,0.07277,0,0.01933,0,0.6462,0,0
"52-tP",0,0,3.00441,0,15.66294,0.00997,8.02508,0,0,0,0.03895,0.63423,1.66383,0.28539,1.03451,0,0,0.66055,0.19109,0,0.19281,24.66448,3.16978,0,0,10.58387,0.00635,0,0,0,0.30699,0,0,0,0,0,0.15119,0,0.17706,0,0,0,16.59662,10.68848,0,2.11193,0,0,0,0.1395,0,0
"54-rB",0,0,0,0,20.46869,0,3.81441,0,0,0,0,0.86328,1.52083,0,0,0,0.08342,0.39643,0.83975,0,0.16424,20.91331,2.108,0,0,24.15229,0,2.04107,0,0,0,0.19346,0,0,0,0.02023,0,0,0,0,0,0.2558,5.40813,12.57478,0,0,0,0.79659,3.38531,0,0,0
"54-rP",0,0,0,0,21.34081,0,2.42875,0,0,0,0,0.15653,1.05355,0,0,0,0.14965,0.22661,0.12584,0,0.01459,19.17863,1.64431,0,0,27.80692,0,1.33929,0,0,0,0.84055,0,0,0,0,0,0,0,0,0,0,5.79467,14.39729,0,0,0,0.83736,2.66465,0,0,0
"54-tB",0,0,0,0,25.47867,0,1.11993,0,0,0,0,0.29018,0.84458,0,0,0,0.11467,0.15596,1.84364,0,0.00139,11.69617,1.73662,0,0,33.49533,0,0.93825,0,0,0,0.18014,0,0,0,0,0,0,0,0,0,0,3.66573,14.61679,0,0,0,0.18024,3.60463,0.03705,0,0
"54-tP",0,0,0,0,20.02681,0,1.75522,0,0,0,0,0.42556,2.66882,0,0,0,0.09675,0.16047,0.42473,0,0.10922,18.30752,1.48058,0,0,25.01184,0,1.32065,0,0,0,0.24852,0,0,0,0,0,0,0,0,0,0,4.85017,19.89884,0,0,0,0.83902,2.37526,0,0,0
"55-rB",0.65804,0,0,0,32.08409,2.41545,0.69618,0,0,0,0,0.56469,0.78596,0,0.47385,0,0,0.1501,27.79342,0,0,2.99093,0.16171,0,0,5.51724,0,0.30369,0,0,0.95438,0.65315,0.07485,0,0,0,0,0,0,0,0.42675,0,1.01332,16.93272,0,0.22203,0.02104,0,3.94563,0.69254,0.24241,0.22584
"55-rP",0.96553,0,0,0,24.2935,4.20508,0.65932,0,0,0,0,0.25411,0.27098,0,0.59112,0,0,0.01408,37.52121,0,0.07921,3.86598,0.19157,0,0,5.60758,0,0.60081,0.08418,0,1.37717,0.86608,0.05631,0,0,0,0,0,0,0,0.30932,0,0.33491,12.13431,0,0.07449,0,0,5.22459,0,0.41855,0
"55-tB",0.52061,0,0,0,23.81414,3.26029,0.37365,0,0,0,0,0.54093,0.67903,0,0.68284,0,0,0.01202,41.39993,0,0,1.92659,0.1264,0,0,8.86962,0,0.16749,0.0024,0,0.9737,0.70881,0.0736,0,0,0,0,0,0,0,0.53027,0,0.10256,11.0726,0,0.41998,0.01473,0,3.39749,0,0.33033,0
"55-tP",0.64707,0,0,0,19.07309,2.13791,0.53947,0,0,0,0,0.43344,0.55517,0,0.782,0,0,0.03903,41.87237,0,0.01262,4.07608,0.69693,0,0.80518,5.35374,0,0.24538,0.1902,0,0.87071,1.28031,0.13105,0,0,0,0,0,0,0,0.29922,0,0.25462,15.71873,0,0.2511,0.01402,0,3.07706,0,0.6435,0
"57-rB",0.9031,0,0,0,36.51076,0.37756,0.30445,0,0,0,0,0.10449,0.75784,0,3.50903,0,0,0.42139,0.9203,0,0.25355,10.25925,0.47325,0,0,20.23275,0,1.06985,0,0,0.77972,1.16081,0.08493,0,0,0,0,0,0,0,0.14622,0,10.63457,6.98479,0,0.63891,0.01289,0,3.4596,0,0,0
"57-rP",0.99652,0,0,0,31.79221,0.83274,0.83009,0,0,0,0,0.52761,1.79446,0,2.35942,0,0,0.55908,0,0,0.38247,0.46238,1.56232,0,0,21.482,0,6.46496,0,0,0.93759,2.26358,0.17438,0,0,0,0,0,0,0,0.08901,0,9.27476,12.06525,0,0.88504,0,0,4.26415,0,0,0
"57-tB",0.84935,0,0,0,40.17112,0.53939,0.7263,0,0,0,0,0.83236,0.62499,0,2.5803,0,0,0.25117,0.60354,0,0.05451,3.68291,1.01979,0,0,25.32788,0.0153,1.11436,0,0,0.59575,0.61756,0.07129,0,0,0,0,0,0,0,0.25267,0,7.44521,8.00864,0,0.58913,0,0,4.02649,0,0,0
"57-tP",0.63406,0,0,0,24.09844,0.65114,1.43196,0,0,0,0,0.03244,2.75613,0,4.70855,0,0,0.98195,0,0,0.34329,1.29918,1.9874,0,0,18.58281,0.04188,2.29765,0,0,0.86541,1.15976,0.25153,0,0,0,0,0,0,0,0.00205,0,5.04177,28.59202,0,1.71857,0,0,2.52202,0,0,0
"58-rB",0,0,0,0,0.28939,0,0,0,0.17383,0,0,0,0,0,1.01577,0,0.11173,0,0,0,0.22253,0.2333,0.01525,0,0,4.17239,0,0,0,0,0.02813,0.41021,0,0,0,0,0,0,87.82481,0,0,0,0,5.05389,0.17017,0.11931,0.04945,0,0.00863,0.10121,0,0
"58-rP",1.49318,0,0,0,35.9232,1.02927,0.6051,0,0,0,0,0.73726,0,0,1.20841,0,1.67618,0.56942,0.57053,0,0.88429,0.63919,1.02725,0,0,4.44381,0,0.13379,0,0,1.4023,0.91499,0,0,0,0,0.17285,0,2.49397,0,0,0,31.01386,9.08813,0.00609,0.42548,0.05234,0.02191,3.46395,0.00325,0,0
"58-tB",0.04866,0,0,0,7.04333,0,0,0,0,0,0,0.42729,0.02023,0,2.20109,0,0.32294,0.01082,3.9533,0,1.93831,3.20744,0.49748,0,0,19.53152,0,0,0,0,0.27582,10.8849,0,0,0,0,0,0,28.14561,0,0,0,0.18854,20.31278,0.01677,0.36596,0.09907,0,0.48389,0.02426,0,0
"58-tP",1.27851,0,0,0,5.26197,0,0,0,0,0,0,1.20011,0.2737,0,3.14736,0,1.10159,0.01898,0.66509,0,2.86118,3.33511,0.35934,0,0,18.52805,0,0.66883,0,0,0.94005,7.7029,0,0,0,0,0,0,19.06265,0,0,0,0.38943,31.18031,0.06086,0.25823,0.33028,0,1.22994,0.14554,0,0
"60-rB",0,0,5.42926,0,59.90184,0,0,0,0,0,0,0.03682,0.80916,0,0,0,0.09244,0.15685,0.1866,0,0.10923,0,0,0,0,9.70542,0,0,0,0,1.025,0,0,0,0,0,0,0,2.27817,0,0.05432,0,7.85196,4.56141,0,0,1.9786,0,5.82294,0,0,0
"60-rP",0,0,4.64169,0,40.13502,0,0.35962,0,0,0,0,0,4.32086,0,0,0,0.10707,0.21652,0.12323,0,0.18159,0.09095,0,0,0,23.9957,0,0,0,0,1.30371,0,0,0,0,0,0.09054,0,1.74403,0,0.0667,0,10.91818,4.76757,0,0,2.23629,0,4.70074,0,0,0
"60-tB",0,0,1.80163,0,71.8597,0,0,0,0,0,0,0,1.37928,0,0,0,0.03957,0.17635,0.12308,0,0.07736,0,0,0,0,9.27777,0,0,0,0,0.91589,0,0,0,0,0,0,0,1.28792,0,0.02191,0,5.29023,4.61267,0,0.12398,0.85939,0,2.15328,0,0,0
"60-tP",0,0,5.86058,0,65.8662,0,0,0,0,0,0,0,1.55232,0,0,0,0.04213,0.18715,0.08845,0,0.03972,0,0,0,0,7.25799,0,0.04945,0,0,0.95572,0,0,0,0,0,0,0,2.22981,0,0.03901,0,6.36299,3.54667,0,0,1.32335,0,4.59847,0,0,0
"61-rB",3.46784,0,0.01745,0,48.70213,3.43214,0,0,0,0,0,1.23533,0.00464,0,2.49331,0,0.02104,0.00706,1.22791,0,0.01764,2.92883,0.87292,0,0,12.64047,0,0,0,0,0.43922,0.57824,0,0,0,0,0,0,0,0,0.08751,0,7.5953,3.80226,0,0,2.45445,0,7.97431,0,0,0
"61-rP",4.68333,0,10.04892,0,44.37778,3.7176,0,0,0,0,0,0.90384,0,0,1.8972,0,0.08525,0.06044,1.29078,0,0,5.63601,0.33677,0,0,3.85982,0,0,0,0,0.59739,1.43121,0,0,0,0,0,0,0,0,0.08487,0,7.10208,3.88158,0,0.00753,2.15367,0,7.84392,0,0,0
"61-tB",2.61922,0,3.48749,0,51.37228,1.56134,0,0,0,0,0,1.86234,0.03475,0,1.35917,0,0.01832,0.06086,0.3912,0,0,7.21057,0.28855,0,0,5.90918,0,0,0,0,0.66088,1.35037,0,0,0,0,0,0,0,0,0.07244,0,8.34614,3.93776,0,0,2.42321,0,7.03393,0,0,0
"61-tP",4.88401,0,12.81414,0,38.50897,3.96664,0,0,0,0,0,1.02129,0,0,3.17573,0,0.08245,0.11716,2.11376,0,0,7.31867,0.01803,0,0,3.68344,0,0,0,0,0.67707,3.01201,0.03477,0,0,0,0,0,0,0,0.06345,0,6.43643,5.78163,0,0.03139,1.80268,0,4.45627,0,0,0
"62-rB",0.99401,0,7.28632,0,24.34644,0,0,0,0,0,0,1.50935,0.6048,0,0,0,0.17116,0.36764,0.2211,0,0.23167,2.38848,0.17178,0,0,26.2542,0,0,0,0,0,0,0,0,0,0,0,0,0,0,0,0,11.75752,5.1157,0,0,0,0,18.57982,0,0,0
"62-rP",1.21363,0,1.65853,0,29.62419,0,0,0,0,0,0,2.53494,1.70732,0,0,0,0.50425,0.55548,0.42472,0,0.13105,2.95422,0.17385,0,0,28.54483,0,0,0,0,0,0,0,0,0,0,0,0,0,0,0,0,5.28482,7.33951,0,0,0,0,17.34865,0,0,0
"62-tB",1.00618,0,14.59634,0,28.93775,0,0,0,0,0,0,1.52595,1.10103,0,0,0,0.29242,0.49768,3.0484,0,0.06227,0.63183,0.19821,0,0,16.0889,0,0,0,0,0,0,0,0,0,0,0,0,0,0,0,0,11.53254,3.31596,0,0.05647,0,0,17.10808,0,0,0
"62-tP",1.12101,0,7.85206,0,49.14461,0,0,0,0,0,0,1.45307,0.34547,0,0,0,0.3584,0.19045,0.40405,0,0,1.4941,0,0,0,18.86051,0,0,0,0,0,0,0,0,0,0,0,0,0,0,0,0,2.04932,2.63295,0,0.0683,0,0,14.0257,0,0,0
"64-rB",0,0,4.14084,0,15.76581,0,10.1498,0,0,0,0,2.18845,1.40678,0,0,0,0.20937,2.76577,24.03823,0,0.37528,18.22015,0.39303,0,0,4.49942,0,0.27557,0,0,0,0,0,0,0,0,0.20582,0,0,0,1.65375,0,0,12.47046,0,0.20774,0.2079,0,0.4912,0.33464,0,0
"64-rP",0,0,2.51767,0,15.33239,0,0.2253,0,0,0,0,1.95524,1.25482,0,0,0,0.24778,0.43733,12.38585,0,0.18445,13.61934,0.66531,0,0,5.3303,0,0.14079,0,0,0,0,0,0,0,0,0.12968,0,0,0,0.98212,0,0,42.53076,0,0,0.12619,0,1.9015,0.03317,0,0
"64-tB",0,0,7.62962,0,18.58013,0,0.92444,0,0,0,0,1.50068,2.03527,0,0,0,0.13008,0.64482,12.14344,0,0.22921,19.38194,0.56663,0,0,14.86173,0,0.129,0,0,0,0,0,0,0,0,0.51938,0,0,0,1.19767,0,0,14.86905,0,0.09482,0.19462,0,2.69262,1.67486,0,0
"64-tP",0,0,0.88031,0,15.39615,0,0.19882,0,0,0,0,2.56932,0.67103,0,0,0,0.00395,0.06945,14.68562,0,0.0103,11.29442,0.15357,0,0,9.19863,0,0.10866,0,0,0,0,0,0,0,0,0,0,0,0,0.69333,0,0,42.93582,0,0,0.08244,0,0.93266,0.11552,0,0
"66-rB",0.24674,0,34.36886,0,34.21687,0,0,0,0,0,0,0.07943,0,0,0.80199,0,0,0.21353,0,0,0.02172,1.71939,1.01053,0,0,3.33784,0,1.04833,0,0,1.12376,0.25086,0,0,0,0,0.00472,0,0.13376,0,0,0,10.50281,7.46261,0,0.16082,0,0,3.29541,0,0,0
"66-rP",0,0,13.23096,0,46.17267,0,0,0,0,0,0,0.3064,0,0,1.41683,0,0,0.00942,0,0.05412,0.15228,0.87226,0.99695,0,0,6.80392,0,1.32522,0,0,1.33203,2.06358,0,0,0,0,0.06321,0,0.25363,0.01212,0,0,14.02479,6.675,0,0.01858,0,0,4.21603,0,0,0
"66-tB",0.01055,0,9.00171,0,45.84331,0,0,0,0,0,0,0.18614,0,0,1.14431,0,0.0081,0.06512,0,0,0.03719,2.0803,0.40033,0,0,4.74722,0,2.77918,0,0,1.16575,0.78881,0,0,0,0,0.03171,0,1.87322,0,0,0,12.43593,11.09474,0,0.00311,0,0,6.30328,0,0,0
"66-tP",0,0,12.38151,0,50.14802,0,0,0,0,0,0,0,0,0,1.21399,0,0.03015,0.01739,0,0,0.01241,0.55664,0.74098,0,0,6.96143,0,0.74237,0,0,1.29259,2.35389,0,0,0,0,0.01104,0,0.64256,0,0,0,12.31286,5.29198,0,0,0,0,5.29018,0,0,0
"68-rB",0,0,0,0,28.58993,0,0,0,0,0,0,0.02386,2.16189,0,0,0,0,0.45219,0,0,0.16185,2.83521,0.30506,0,0,5.25649,0,0.81146,0,0,1.33032,0,0,0,0,0,0,0,0,0,0,0,29.75113,22.1691,0,0.09061,0.03131,0,6.02959,0,0,0
"68-rP",0,0,0.00278,0,36.7714,0,0,0,0,0,0,0.02083,1.26888,0,0,0,0,0.52077,0,0,0.01974,5.97868,0.29962,0,0,4.25629,0,1.15241,0,0,1.11139,0,0,0,0,0,0,0,0,0,0.00349,0,22.99937,20.5985,0,1.16228,0.56429,0,2.93444,0.33486,0,0
"68-tB",0,0,0.26421,0,28.03238,0,0,0,0,0,0,0.01765,2.17826,0,0,0,0,0.69264,0,0,0.09989,4.81671,0.40502,0,0,6.46299,0,0.60864,0,0,1.48965,0,0,0,0,0,0,0,0,0,0.0119,0,35.67809,15.14734,0,1.21897,0.6213,0,2.25436,0,0,0
"68-tP",0,0,0.1631,0,35.91915,0,0,0,0,0,0,0,0.21453,0,0,0,0,0.40936,0,0,0.21999,6.38481,0.36152,0,0,3.07399,0.03385,0.92796,0,0,1.09768,0,0,0,0,0,0,0,0,0,0.01153,0,30.76807,12.46924,0,4.63217,0.81676,0,2.49629,0,0,0
"7-rB",0,0,0,0,53.43903,0,1.1224,0,0,0,0,0.28163,1.12213,0,2.70198,0,0,0.6135,0.05005,0,0.29441,5.12881,0.02379,0.02455,0,17.97782,0,0,0,0,0,0,0,0,0,0,0.12953,0,0,0,0.89459,0,0,10.24004,0,0.64703,2.66527,0,1.95593,0.68751,0,0
"7-rP",0,0,0,0,26.9938,0,2.093,0,0,0,0,0.88097,5.22148,0,3.28373,0,0,0.18526,0.24157,0,0.17745,3.95863,0.77162,0,0,28.1516,0,0,0,0,0,0,0,0,0,0,0.00587,0,0,0,2.57848,0,0,17.71555,0,4.23338,1.96502,0,1.46954,0.07305,0,0
"7-tB",0,0,0,0,50.3864,0,0.46761,0,0,0,0,0.06339,1.34425,0,0.49946,0,0,0,0,0,0,0.85647,0,0,0,34.01882,0,0,0,0,0,0,0,0,0,0,0,0,0,0,0.90677,0,0,8.39082,0,0.35732,1.89556,0,0.71095,0.1022,0,0
"7-tP",0,0,0,0,40.46928,0,2.73086,0,0,0,0,0.70807,5.75706,0,3.88685,0,0,0.36619,0.01932,0,0.4055,1.22024,1.47204,0,0,20.93642,0.00399,0,0,0,0,0,0,0,0,0,0,0,0,0,2.09843,0,0,14.57507,0,1.44493,2.05388,0,1.77604,0.07582,0,0
"70-rB",1.35827,0,10.20455,0,32.82455,0,1.70573,0,0,0,0,0,0.97012,0,0,0,0.1801,0.27801,0,0,0.07078,1.47653,0.52805,0,0,9.92929,0.0165,0.08422,0,0,0.77264,5.67004,0.01828,0,0,0,0,0,0,0,1.66493,0,15.76101,15.38922,0,0.00311,0.24366,0,0,0.85041,0,0
"70-rP",1.48543,0,8.43216,0,41.69662,0,0.95417,0,0,0,0,0,0.22504,0,0,0,0.08776,0.11257,0,0,0.09671,2.46733,0.21972,0,0,8.9927,0,0,0,0,1.53479,2.55083,0.02247,0,0,0,0,0,0,0,1.52894,0,14.10543,15.02968,0,0,0.17565,0,0,0.28199,0,0
"70-tB",1.37715,0,9.08508,0,19.87856,0,2.07513,0,0,0,0,0,1.49889,0,0,0,0.07359,0.52313,0,0,0.01744,1.87626,1.04374,0,0,11.50909,0,0.26679,0,0,0.8234,3.33306,0.04319,0,0,0,0,0,0,0,0.93489,0,19.69719,25.5873,0,0.07794,0.06528,0,0,0.21289,0,0
"70-tP",1.59852,0,7.7611,0,31.61906,0,0.99632,0,0,0,0,0.00251,0.60634,0,0,0,0.10303,0.26463,0,0,0.02266,2.2636,0.46496,0,0,18.61375,0,0.18634,0,0,0.91262,4.39096,0,0,0,0,0,0,0,0,1.36031,0,16.15492,12.2907,0,0,0.13122,0,0,0.25646,0,0
"71-rB",1.38316,0,0,0,68.73077,0,0,0,0,0,0,1.29683,0.92669,0,0.42744,0,0.10938,0.15732,0,0,0.48803,0.05359,0,0,0,4.31499,0,0,0,0,1.02449,0.05477,0,0,0,0,0.03552,0,0,0,0,0,7.07734,6.05332,0,0,0,0,7.86637,0,0,0
"71-rP",1.26039,0,0,0,69.54793,0,0,0,0,0,0,0.62502,0.50206,0,0.49716,0,0.14339,0.14399,0.04782,0,0.17237,1.69392,0,0,0,5.94225,0,0,0,0,0.80996,0.08496,0,0,0,0,0,0,0,0,0,0,6.00272,9.27635,0,0,0,0,3.24972,0,0,0
"71-tB",2.1386,0,0,0,32.03267,0,0,0,0,0,0,3.63573,2.62342,0,3.50932,0,0.5375,0.78493,0.14188,0,0.93965,2.01464,0,0,0,10.79235,0,0,0,0,0.39547,0.15626,0,0,0,0,0.06337,0,0,0,0,0,11.84082,23.54638,0,0,0,0,4.84701,0,0,0
"71-tP",1.44195,0,0,0,60.22116,0,0.15067,0,0,0,0,1.30002,0.41917,0,0.71013,0,0.39872,0.07616,0.21524,0.05665,0.2125,2.08673,0,0,0,8.79185,0,0,0,0,1.04461,0.26554,0,0,0,0,0,0,0,0,0,0,6.73053,11.32124,0,0,0,0,4.55713,0,0,0
"76-rP",0,0,0.7327,0,35.63643,0,0,0,0,0,0,0.5594,1.35145,0,3.53462,0,0.10547,1.17631,0,0,0.0454,2.37955,2.1842,0,0,23.18823,0,0,0,0,0.6006,0,0,0,0,0,0,0,0,0.02725,0,0,10.21018,17.56014,0,0.41439,0,0,0.29368,0,0,0
"76-tB",0,0,4.11751,0,16.52508,0,0,0,0,0,0,0.23479,0.61285,0,3.47537,0,0.16557,1.81355,0,0,0.0359,4.15228,4.17679,0,0,13.70745,0,0,0,0,0.22445,0,0,0,0,0,0,0,0,0,0,0,35.11732,14.90292,0,0.28509,0,0,0.45306,0,0,0
"76-tP",0,0,5.64265,0,27.19755,0,0,0,0,0,0,0.50209,0.67805,0,5.28776,0,0.15075,1.63801,0,0,0.09643,3.43422,3.44113,0,0,22.69572,0,0,0,0,0.32632,0,0,0,0,0,0,0,0,0,0,0,16.40126,11.77122,0,0.32729,0,0,0.40955,0,0,0
"77-rB",0.59349,0,0,0,56.99008,0,2.4551,0,0,0,0,0.12778,0.15722,0,0,0,0,0.67794,0.17443,0,0.53969,1.10244,0,0,0,18.15579,0.00887,0,0,0,0,0,0,0,0,0,0,0,0,0,0,0,10.12286,1.5395,0,0.16918,0,0,3.75248,3.43317,0,0
"77-rP",0.56359,0,0,0,67.20508,0,0.00829,0,0,0,0,0,0.02771,0,0,0,0,0.34095,0,0.06821,0.20722,0.18028,0,0,0,17.82412,0.04678,0,0,0,0,0,0,0,0,0,0,0,0,0,0,0,5.8987,0.85469,0,0,0,0,3.24072,3.53367,0,0
"77-tB",0.12606,0,0,0,59.52224,0,1.2308,0,0,0,0,0.37611,1.6063,0,1.14613,0,0,0.12662,0,0,0.04177,1.75483,0.07675,0,0,19.50338,0,0,0,0,0,0,0,0,0,0,0.10231,0,0,0,1.63563,0,0.67519,7.12184,0,0.71947,2.02918,0,1.16715,0.74647,0,0.29178
"77-tP",0.21799,0,0,0,78.79095,0,0.18289,0,0,0,0,0,0.03493,0,0,0,0,0.16871,0,0,0.19655,0.61136,0,0,0,7.61354,0.1039,0,0,0,0,0,0,0,0,0,0.00242,0,0,0,0,0,5.09433,1.18927,0,0.04047,0,0,3.72714,1.98515,0,0.0404
"79-rB",0,0,0.2274,0,7.94671,0,1.46561,0,0,0,0,0.00771,0.01823,0,1.23877,0,0.00155,0.03031,0,0,0.06425,1.03611,0,0,0,8.85961,0,0,0,0,0.35175,0,0,0.01626,0,0,0,0,64.80073,0,0.09586,0,1.99695,3.48191,0,1.85893,0.59126,0,5.32143,0.58866,0,0
"79-rP",0,0,2.65744,0,23.04535,0,2.81084,0,0,0,0,0.10354,0.43841,0,2.02221,0,0.03121,0.16711,0.02731,0,0.09413,1.55501,0.31789,0,0,9.91367,0.08441,0,0,0,0.86876,0.01031,0,0,0,0,0.05337,0,26.66943,0,0.25049,0,9.45307,11.54533,0,2.15913,1.4088,0,3.18295,1.1298,0,0
"79-tB",0,0,5.68366,0,19.7014,0,2.51522,0,0,0,0,0.08926,0.29138,0,1.44563,0,0.04216,0.10778,0,0,0.06958,2.74952,0.20539,0,0,13.87976,0,0,0,0,0.7794,0,0,0,0,0,0.00157,0,21.36636,0,0.25589,0,10.6051,10.90673,0,1.79163,1.65586,0,4.4322,1.42452,0,0
"79-tP",0,0,1.29402,0,8.80017,0,3.55863,0,0,0,0,0,0.09287,0,0.87305,0,0.01682,0.02689,0,0,0,1.12407,0.05623,0,0,10.72929,0,0,0,0,0.44669,0,0,0,0,0,0,0,54.69179,0,0.14185,0,3.32975,9.03015,0,0.73744,0.88218,0,3.40324,0.76486,0,0
"81-rB",0,0,0,0,47.09128,0,0,0,0,0,0,2.56672,4.01218,0,0,0,0.21496,0.59529,0,0,0.03931,0.17073,0,0,0,16.2018,0,0,0,0,0,0,0,0,0,0,0,0,0,0,0.10704,0,0,22.13191,0,0,3.57855,0,3.29022,0,0,0
"81-rP",0,0,0,0,39.29399,0,0,0,0,0,0,2.01218,3.22466,0,0,0,0.10367,0.3803,0,0,0.05924,0.31544,0,0,0,16.80084,0,0,0,0,0,0,0,0,0,0,0,0,0,0,0.12012,0,0,30.12543,0,0.02648,3.00684,0,4.53079,0,0,0
"81-tB",0,0,0,0,39.35336,0,0,0,0,0,0,2.79865,2.38417,0,0,0,0.3038,1.09509,0,0,0.13789,0.89086,0.0675,0,0,17.18288,0,0,0,0,0,0,0,0,0,0,0,0,0,0,0.13593,0,0,26.78726,0,0.04207,3.64919,0,5.17134,0,0,0
"81-tP",0,0,0,0,38.0547,0,0,0,0,0,0,1.91061,1.40471,0,0,0,0.1235,0.26612,0,0,0.09112,0.48666,0,0,0,19.9223,0,0,0,0,0,0,0,0,0,0,0,0,0,0,0.06206,0,0,31.66792,0,0,2.18711,0,3.7719,0.05129,0,0
"84-rB",0,0,0,0,69.21767,1.62909,0,0,0,0,0,0.8153,0,0,0.71791,0,0,0.0545,0,0,0.07853,0.61199,0,0,0,14.8958,0,0,0,0,0,0,0,0,0,0,0,0,0,0,0,0,0.15791,1.10379,0,0,0,0,10.7175,0,0,0
"84-rP",0,0,0,0,71.1913,1.98404,0,0,0,0,0,1.02387,0,0,0.77672,0,0,0,0,0,0,0.68269,0,0,0,14.49205,0,0,0,0,0,0,0,0,0,0,0,0,0,0,0,0,0.13865,1.43953,0,0,0,0,8.27115,0,0,0
"84-tB",0,0,0,0,63.81335,1.13291,0,0,0,0,0,1.15142,0.07803,0,1.54184,0,0,0.19585,0,0,0.09795,0.86959,0,0,0,19.3917,0,0,0,0,0,0.29364,0,0,0,0,0,0,0,0,0,0,0.20474,1.05882,0,0,0,0,10.17018,0,0,0
"84-tP",0,0,0,0,58.96825,1.98882,0,0,0,0,0,1.45007,0.05394,0,0.96436,0,0,0.14691,0,0,0.06001,0.72468,0,0,0,19.83294,0,0,0,0,0,0.29659,0,0,0,0,0,0,0,0,0,0,0.13437,4.9683,0,0,0,0,10.41076,0,0,0
"85-rB",0,0,0,0,39.27457,0,0,0,0,0,0,2.82671,0,0,0,0,0,0.99017,0.55005,0,1.90088,0,0,0,0,13.78988,0,0,0,0,0,0,0,0,0,0,0,0,0,0,0,0,1.80372,3.5446,0,0.01104,0,0,35.30838,0,0,0
"85-rP",0,0,0,0,39.78159,0,0.80276,0,0,0,0,1.31134,0.03468,0,0,0,0,0.18761,31.46463,0,0.28305,9.84144,0.05467,0,0,4.30265,0,0,0,0,1.02392,0,0,0,0,0,0.07325,0,0,0,0,0,3.13627,4.36467,0,0.00216,0,0,3.33531,0,0,0
"85-tB",0,0,0,0,51.907,0,2.68336,0,0,0,0,0.95989,0,0,0,0,0,0.14548,0,0,0.23109,8.0866,0.52069,0,0,23.83951,1.00928,0,0,0,0.49606,0,0,0,0,0,0,0,0,0,0,0,0.80652,3.34944,0,0,0,0,5.96506,0,0,0
"85-tP",0,0,0,0.42949,50.52908,0,0.9851,0,0,0,0,2.15972,0.00735,0,0,1.28449,0,1.76514,5.38117,0.28987,1.41074,4.13512,1.13774,0,0,9.04451,0,0,0,0,2.9692,0,0,0,0.76448,1.46598,0.03477,0,0,0,0,1.72733,4.0782,6.19855,0,0,0,0,4.20195,0,0,0
"95-rB",0,0,0,0,32.29623,0,1.02774,0,0,0,0,0.25035,1.19189,0,0,0,0.15787,0.2156,0.29588,0,0,0.97895,0.12367,0,0.48486,15.19116,0,0,0,0,1.28008,0,0,0,0,0,0.01024,0,0,0,0,0,23.02894,6.50962,0,0.03955,0.08417,0,16.40089,0.43231,0,0
"95-rP",0,0,0,0,43.93056,0,5.83729,0,0,0,0,0.06022,1.26696,0,0,0,0.20424,0.33674,4.13861,0,0.01012,0.35374,0.02317,0,0,11.84678,0,0,0,0,0.82316,0,0,0,0,0,0,0,0,0,0,0,18.01674,2.63596,0,0.15524,0.23083,0,9.39512,0.7345,0,0
"95-tB",0,0,0,0,45.90184,0,2.48717,0,0,0,0,0,1.46232,0,0,0,0.15144,0.35721,0.67291,0,0.12323,1.64465,0.15414,0,0,14.01565,0.00933,0,0,0,0.81744,0,0,0,0,0,0,0,0,0,0,0,14.23061,7.74765,0,0,0.10717,0,9.64873,0.46851,0,0
"95-tP",0,0,0,0,50.27214,0,1.86485,0,0,0,0,0,0.6276,0,0,0,0.12666,0.28279,5.48164,0,0.16562,0.81449,0.0286,0,0,10.69075,0,0,0,0,0.83183,0,0,0,0,0,0,0,0,0,0,0,14.19438,2.45828,0,0.00855,0.32117,0,11.02965,0.801,0,0
"96-rB",0.29877,0,1.0274,0,31.33873,0,2.32266,0,0,0,0,0.13833,1.26332,0,0.40857,0,0,0.07423,0,0,0.07101,1.82063,0.42468,0,0,13.80566,0,0,0,0.01314,1.1727,1.20172,0,0,0,0,0,0,0,0,0.09056,0,8.0367,24.41312,0,1.45836,1.07893,0,9.54076,0,0,0
"96-rP",0,0,0.07644,0,32.76989,0,2.48612,0,0,0,0,0,0.13294,0,0.06946,0,0,0,0,0,0,1.38484,0,0,0,18.86642,0,0,0,0,0.30487,0.31848,0,0,0,0,0,0,0,0,0,0,8.13868,21.90147,0,2.3545,0.85971,0,10.33618,0,0,0
"96-tB",0.39644,0,2.13958,0,24.76411,0,1.11094,0,0,0,0,0.32847,1.1382,0,0.64631,0,0,0.12471,0,0,0.03308,5.81324,0.45663,0,0,10.58645,0.33101,0,0,0,1.17858,2.31367,0,0,0,0,0,0,0,0,0.11127,0,13.28909,22.43242,0,2.36484,1.29258,0,9.14839,0,0,0
"96-tP",0.66844,0,1.38594,0,35.35706,0,0.45747,0,0,0,0,0.29519,0.49734,0,0.49145,0,0,0.00651,0,0,0.05239,2.53213,0.21081,0,0,12.31938,0,0,0,0,1.72788,2.15801,0,0,0,0,0,0,0,0,0.13408,0,10.36215,16.5156,0,0.2915,1.81402,0,12.72266,0,0,0
"97-rB",0,0,45.37265,0,13.64507,1.61553,0.78915,0,0.10773,0,0,0.26576,0.05153,0,1.93232,0,0.1507,0.29007,0,0,0.17637,3.49877,0.09197,0,0,7.30532,0,1.77848,0,0,0.26442,8.31267,0.12281,0,0,0,0,0,0,0,0,0,8.62453,1.13856,0,0.03847,0.1256,0,4.28605,0.01548,0,0
"97-rP",0,0,19.57502,0,27.65474,2.16802,2.33411,0,0,0,0,0.09656,0.59571,0,0.92381,0,0.05996,0.13878,0,0,0.06232,6.66208,0.1655,0,0,7.99573,0,0.57488,0,0,0.54172,2.56316,0.04218,0,0,0,0,0,0,0,0,0,16.59248,4.81792,0,0.06401,0.41772,0,5.93511,0.01849,0,0
"97-tP",0,0,17.37492,0,28.3409,2.17403,0.29077,0,0,0,0,0.6736,0.51296,0,0.77179,0,0.08571,0.16045,0,0,0.02756,10.22352,0,0,0,10.31924,0,0.73979,0,0,0.78658,1.41361,0.03581,0,0,0,0,0,0,0,0.01184,0,10.68007,7.37026,0,0,0.89694,0,7.0151,0.09455,0,0
"99-rB",0,0,0,0,36.70337,3.28672,0.20595,0,0,0,0,2.58752,1.04229,0,1.01483,0,0,0.00789,0,0,0.20581,0.86761,0,0,0,11.27952,0,0,0,0,1.32803,0.23166,0,0,0,0,1.10844,0,0,0,0.04943,0,19.25726,13.95217,0,0.09279,2.44248,0,4.31612,0.0201,0,0
"99-rP",0,0,0,0,40.93414,4.44484,0.05398,0,0,0,0,0.32326,0.26408,0,0.60058,0,0,0,0,0,0.16755,0.58432,0,0,0,1.28799,0,0,0.03086,0,1.04174,0.6922,0,0,0,0,0,0,0,0,0,0,39.70107,7.58721,0,0,0.44355,0,1.84262,0,0,0
"99-tB",0,0,0,0,32.3692,5.00414,0.10877,0,0,0,0,0.28375,0.45372,0,1.06376,0,0,0.009,0,0,0.12788,2.08209,0,0,0,14.17236,0,0,0,0,1.2312,0.38052,0,0,0,0,0.08519,0,0,0,0,0,25.85477,13.37537,0,0,0.68405,0,2.6626,0.05162,0,0
"99-tP",0,0,0,0,46.90304,4.51277,0.09813,0,0,0,0,0.30799,0.39023,0,1.0293,0,0,0,0,0,0.06186,0.68303,0,0,0,3.89497,0,0,0.03713,0,1.39763,1.05916,0,0,0,0,0.08989,0,0,0,0.00715,0,30.74819,5.94679,0,0,0.45892,0,2.36737,0.00646,0,0
