"","p__Actinobacteria","p__Bacteroidetes","p__Candidatus_Melainabacteria","p__Euryarchaeota","p__Firmicutes","p__Fusobacteria","p__Lentisphaerae","p__Proteobacteria","p__Spirochaetes","p__Synergistetes","p__Verrucomicrobia"
"1-rB",0.69461,66.2533,0,0,29.82814,0.49462,0,2.68323,0,0.0461,0
"1-rP",0.44657,80.8128,0,0,17.59095,0.69542,0,0.45426,0,0,0
"1-tB",0.07205,32.45477,0,0,66.61334,0.46904,0,0.3908,0,0,0
"1-tP",0.90973,70.62334,0,0,22.51023,0.65542,0,5.30128,0,0,0
"101-rB",0.83064,62.67372,0,1.79968,31.42976,0,0,0.0442,0,0.01232,3.20968
"101-rP",1.44018,52.61165,0.00295,0.83392,43.89501,0,0,0.06453,0,0,1.15176
"101-tB",1.48386,58.11547,0.10139,1.78368,37.72821,0,0,0.05794,0,0,0.72945
"101-tP",0.60745,52.9035,0.30659,1.49977,42.54802,0,0,0.00513,0,0,2.12955
"102-rB",2.00732,37.53603,0,0,52.59975,0,0,1.52365,0,0,6.33324
"102-rP",2.17593,16.06532,0,0,77.00491,0,0,0.2118,0,0,4.54204
"102-tB",0.57756,35.64708,0,0,55.68326,0,0,1.10692,0,0,6.98518
"102-tP",0.10975,65.83899,0,0,26.23651,0,0,1.31015,0,0,6.50459
"17-rB",0.38422,43.09661,0,0,56.51916,0,0,0,0,0,0
"17-rP",1.47433,65.35079,0,0,33.14951,0,0,0,0,0,0.02537
"17-tB",0.70605,65.09048,0,0,34.06974,0,0,0.13373,0,0,0
"17-tP",1.03227,58.66226,0,0,40.10717,0,0,0.00793,0,0,0.19038
"19-rB",5.81282,47.93477,0,1.44657,43.33892,0,0,0.21827,0.71905,0,0.52959
"19-rP",6.14272,53.95031,0,1.11104,37.27851,0,0,0.16235,1.33314,0,0.02192
"19-tB",5.78862,44.86488,0,0.53646,46.33226,0,0,0.03551,2.11071,0,0.33156
"19-tP",3.23792,53.12865,0,0.83143,39.76689,0,0,0.24618,2.30943,0,0.4795
"21-rB",1.63221,52.42685,0,0,45.90329,0,0,0.03766,0,0,0
"21-rP",1.15688,41.44102,0,0,57.33981,0,0,0.06229,0,0,0
"21-tB",0.65138,57.14879,0,0,42.19545,0,0,0.00439,0,0,0
"21-tP",0.88563,46.25355,0,0,52.83106,0,0,0.02976,0,0,0
"24-rB",1.68777,54.31857,0,3.71724,36.46371,0,0,2.63947,0,1.17324,0
"24-rP",0.27987,44.63642,0,2.38954,51.17941,0,0,1.03797,0,0.47679,0
"24-tB",0.83029,41.84042,0,4.91255,47.97211,0,0,1.2,0,3.24464,0
"24-tP",0.67213,55.70362,0,2.63079,39.28392,0,0,0.85068,0,0.85886,0
"3-rB",8.7448,63.97666,0,0,25.16552,0,0,1.33785,0,0.77516,0
"3-rP",1.91055,82.32858,0,0,13.97636,0,0,1.77045,0,0.01406,0
"3-tB",4.57093,78.06921,0,0,14.74012,0,0,0.74032,0,1.87943,0
"5-rB",26.82485,0.23361,0,0,72.94154,0,0,0,0,0,0
"5-tB",2.60144,41.6666,0,0,54.67665,0,0,1.05532,0,0,0
"5-tP",3.12889,58.21966,0,0,36.85244,0,0,1.79902,0,0,0
"52-rB",6.90015,41.15802,0,0,46.86228,0,0,1.73442,0,0.30482,3.04031
"52-rP",4.97964,33.93879,0,0,59.1913,0,0,0.12554,0,0.05443,1.7103
"52-tB",4.16254,40.02185,0,0,52.9872,0,0,0,0,0.01933,2.80908
"52-tP",9.72013,32.75359,0,0,54.04539,0,0,0.47648,0,0,3.00441
"54-rB",4.21084,29.26213,0,2.04107,62.51041,0,0,1.17897,0,0.79659,0
"54-rP",2.65536,29.80013,0,1.33929,65.09237,0,0,0.27549,0,0.83736,0
"54-tB",1.27589,32.74903,0,0.93825,62.89827,0,0,1.95832,0,0.18024,0
"54-tP",1.91569,27.25224,0,1.32065,68.15092,0,0,0.52147,0,0.83902,0
"55-rB",1.32013,40.41287,0,0.30369,29.17901,0,0.24241,28.5419,0,0,0
"55-rP",1.26452,35.43525,0,0.685,24.30984,0,0.41855,37.88684,0,0,0
"55-tB",1.0685,31.54817,0,0.16989,24.86458,0,0.33033,42.01853,0,0,0
"55-tP",1.36051,25.41339,0,0.43558,29.02518,0,0.6435,43.12184,0,0,0
"57-rB",4.23487,51.7622,0,1.06985,41.76874,0,0,1.16434,0,0,0
"57-rP",3.74858,47.10145,0,6.46496,42.42162,0,0,0.26339,0,0,0
"57-tB",3.55776,52.77796,0,1.11436,41.62243,0,0,0.92749,0,0,0
"57-tP",7.12246,33.17879,0,2.29765,57.14753,0,0,0.25358,0,0,0
"58-rB",1.01577,88.15096,0,0,10.49826,0,0,0.33501,0,0,0
"58-rP",2.38292,75.32656,0,0.13379,19.83577,0,0,2.29905,0,0.02191,0
"58-tB",2.21191,36.13718,0,0,57.27559,0,0,4.37532,0,0,0
"58-tP",3.16634,26.88404,0,0.66883,67.18383,0,0,2.09697,0,0,0
"60-rB",0.15685,76.87991,0,0,15.22203,0,0,2.31195,0,0,5.42926
"60-rP",0.57614,58.80168,0,0,33.4472,0,0,2.53328,0,0,4.64169
"60-tB",0.17635,81.50701,0,0,15.47107,0,0,1.04394,0,0,1.80163
"60-tP",0.18715,80.01319,0,0.04945,12.3967,0,0,1.49293,0,0,5.86058
"61-rB",2.50038,68.1431,0,0,25.54817,0,0,3.7909,0,0,0.01745
"61-rP",1.95765,63.63877,0,0,20.74009,0,0,3.61458,0,0,10.04892
"61-tB",1.42003,68.97457,0,0,23.21274,0,0,2.90517,0,0,3.48749
"61-tP",3.29288,54.04538,0,0,25.75047,0,0,4.09713,0,0,12.81414
"62-rB",0.36764,54.68378,0,0,37.27,0,0,0.39226,0,0,7.28632
"62-rP",0.55548,52.25766,0,0,44.59935,0,0,0.92897,0,0,1.65853
"62-tB",0.49768,57.57836,0,0,23.98679,0,0,3.34082,0,0,14.59634
"62-tP",0.19045,65.21962,0,0,25.97542,0,0,0.76245,0,0,7.85206
"64-rB",12.91557,16.25701,0,0.27557,40.30177,0,0,26.10924,0,0,4.14084
"64-rP",0.66263,17.23389,0,0.14079,65.70309,0,0,13.74194,0,0,2.51767
"64-tB",1.56926,21.27275,0,0.129,55.73356,0,0,13.6658,0,0,7.62962
"64-tP",0.26827,16.32881,0,0.10866,66.94861,0,0,15.46533,0,0,0.88031
"66-rB",1.01553,49.27262,0,1.04833,14.29466,0,0,0,0,0,34.36886
"66-rP",1.43837,65.99915,0,1.32522,18.0063,0,0,0,0,0,13.23096
"66-tB",1.20943,67.62149,0,2.77918,19.38008,0,0,0.0081,0,0,9.00171
"66-tP",1.23138,69.68622,0,0.74237,15.92837,0,0,0.03015,0,0,12.38151
"68-rB",0.45219,65.70097,0,0.81146,33.00407,0,0,0.03131,0,0,0
"68-rP",0.52077,63.81659,0,1.15241,33.93968,0,0,0.56778,0,0,0.00278
"68-tB",0.69264,67.45448,0,0.60864,30.34683,0,0,0.6332,0,0,0.26421
"68-tP",0.40936,70.2812,0,0.92796,27.3901,0,0,0.82829,0,0,0.1631
"7-rB",4.43788,55.39497,0,0,36.5327,0.02455,0,3.60991,0,0,0
"7-rP",5.56198,28.46334,0,0,61.18961,0,0,4.78506,0,0,0
"7-tB",0.96707,51.09735,0,0,45.13326,0,0,2.80232,0,0,0
"7-tP",6.9839,42.24533,0,0,46.59914,0,0,4.17163,0,0,0
"70-rB",1.98374,49.35821,0,0.08422,36.26232,0,0,2.10697,0,0,10.20455
"70-rP",1.06674,57.33684,0,0,31.34943,0,0,1.81483,0,0,8.43216
"70-tB",2.59827,40.39915,0,0.26679,46.53376,0,0,1.11695,0,0,9.08508
"70-tP",1.26095,48.6866,0,0.18634,40.51045,0,0,1.59456,0,0,7.7611
"71-rB",0.58476,84.69897,0,0,14.60689,0,0,0.10938,0,0,0
"71-rP",0.64115,79.61032,0,0,19.55731,0,0,0.19121,0,0,0
"71-tB",4.29425,49.11596,0,0,45.9104,0,0,0.67938,0,0,0
"71-tP",0.93696,72.55343,0,0,25.89565,0,0,0.61396,0,0,0
"76-rP",4.73818,46.74088,0,0,47.68276,0,0,0.10547,0,0,0.7327
"76-tB",5.28893,52.31991,0,0,38.10808,0,0,0.16557,0,0,4.11751
"76-tP",6.92577,44.33467,0,0,42.94616,0,0,0.15075,0,0,5.64265
"77-rB",3.13304,70.86542,0,0,25.82711,0,0,0.17443,0,0,0
"77-rP",0.34924,76.3445,0,0,23.30626,0,0,0,0,0,0
"77-tB",2.50355,61.36457,0,0,32.17529,0,0,3.95658,0,0,0
"77-tP",0.3516,87.61242,0,0,11.99558,0,0,0.0404,0,0,0
"79-rB",2.73469,80.41758,0,0,15.9154,0,0,0.70493,0,0,0.2274
"79-rP",5.00016,63.21957,0,0,27.40501,0,0,1.71781,0,0,2.65744
"79-tB",4.06863,56.88446,0,0,31.40933,0,0,1.95391,0,0,5.68366
"79-tP",4.45857,70.67164,0,0,22.53492,0,0,1.04085,0,0,1.29402
"81-rB",0.59529,50.38149,0,0,45.12266,0,0,3.90056,0,0,0
"81-rP",0.3803,43.82478,0,0,52.56428,0,0,3.23064,0,0,0
"81-tB",1.09509,44.5247,0,0,50.29128,0,0,4.08892,0,0,0
"81-tP",0.26612,41.8266,0,0,55.53461,0,0,2.37267,0,0,0
"84-rB",0.77241,81.72218,0,0,17.50542,0,0,0,0,0,0
"84-rP",0.77672,81.58514,0,0,17.63814,0,0,0,0,0,0
"84-tB",1.73769,75.32117,0,0,22.94115,0,0,0,0,0,0
"84-tP",1.11127,71.5022,0,0,27.38654,0,0,0,0,0,0
"85-rB",0.99017,76.38667,0,0,22.07311,0,0,0.55005,0,0,0
"85-rP",0.99037,47.27709,0,0,20.26791,0,0,31.46463,0,0,0
"85-tB",2.82885,59.17464,0,0,37.99651,0,0,0,0,0,0
"85-tP",4.03473,61.77844,0,0,27.07834,0,0,7.1085,0,0,0
"95-rB",1.24334,73.00613,0,0,24.72774,0,0,1.02279,0,0,0
"95-rP",6.17403,72.16558,0,0,17.0867,0,0,4.57369,0,0,0
"95-tB",2.84437,70.59862,0,0,25.62549,0,0,0.93152,0,0,0
"95-tP",2.14763,76.328,0,0,15.5949,0,0,5.92947,0,0,0
"96-rB",2.8186,50.08889,0,0,44.89562,0,0,1.16949,0,0,1.0274
"96-rP",2.55558,51.54961,0,0,44.95865,0,0,0.85971,0,0,0.07644
"96-tB",1.88196,48.38017,0,0,46.19444,0,0,1.40385,0,0,2.13958
"96-tP",0.95542,60.16974,0,0,35.5408,0,0,1.94809,0,0,1.38594
"97-rB",3.01154,28.4356,0,1.77848,20.89489,0,0,0.50683,0,0,45.37265
"97-rP",3.39669,52.89207,0,0.57488,23.04148,0,0,0.51986,0,0,19.57502
"97-tP",1.22301,48.99667,0,0.73979,30.63531,0,0,1.0303,0,0,17.37492
"99-rB",1.22868,64.8915,0,0,31.38791,0,0,2.49191,0,0,0
"99-rP",0.65456,87.96442,0,0.03086,10.90661,0,0,0.44355,0,0,0
"99-tB",1.18153,67.12191,0,0,31.01251,0,0,0.68405,0,0,0
"99-tP",1.12743,85.929,0,0.03713,12.44037,0,0,0.46607,0,0,0
