"","c__Actinobacteria","c__Bacilli","c__Bacteroidia","c__Betaproteobacteria","c__Candidatus_Melainabacteria_unclassified","c__Clostridia","c__Coriobacteriia","c__Deltaproteobacteria","c__Epsilonproteobacteria","c__Erysipelotrichia","c__Firmicutes_unclassified","c__Fusobacteriia","c__Gammaproteobacteria","c__Lentisphaeria","c__Methanobacteria","c__Negativicutes","c__Proteobacteria_unclassified","c__Spirochaetia","c__Synergistia","c__Thermoplasmata","c__Tissierellia","c__Verrucomicrobiae"
"1-rB",0,0,66.2533,0.07631,0,27.50982,0.69461,0.14567,0,0.18855,2.03798,0.49462,2.46125,0,0,0.09178,0,0,0.0461,0,0,0
"1-rP",0,0,80.8128,0.18579,0,16.16277,0.44657,0.12887,0,0.03359,1.25422,0.69542,0.1396,0,0,0.14037,0,0,0,0,0,0
"1-tB",0.01399,0.53845,32.45477,0.02877,0,64.90075,0.05806,0.36203,0,0.01861,1.08889,0.46904,0,0,0,0.06665,0,0,0,0,0,0
"1-tP",0,0.03512,70.62334,0.16147,0,20.22539,0.90973,0.23719,0,0.03546,2.12009,0.65542,4.90262,0,0,0.09418,0,0,0,0,0,0
"101-rB",0.52818,0.22584,62.67372,0,0,29.28554,0.30246,0.0442,0,0,1.83806,0,0,0,1.4129,0.08031,0,0,0.01232,0.38678,0,3.20968
"101-rP",0.99814,0.53897,52.61165,0,0.00295,42.0867,0.44204,0.0263,0,0,1.22956,0,0.03823,0,0.83392,0.03978,0,0,0,0,0,1.15176
"101-tB",0.7605,0.04969,58.11547,0,0.10139,33.61582,0.72336,0.05794,0,0.113,3.74409,0,0,0,1.72723,0.20562,0,0,0,0.05645,0,0.72945
"101-tP",0.11298,0,52.9035,0,0.30659,40.03443,0.49446,0.00513,0,0.35164,2.12489,0,0,0,1.31538,0.03705,0,0,0,0.18439,0,2.12955
"102-rB",0,1.13043,37.53603,1.49848,0,46.62033,2.00732,0,0,1.12743,3.48803,0,0,0,0,0.23353,0.02517,0,0,0,0,6.33324
"102-rP",0,2.05656,16.06532,0.2118,0,67.41459,2.17593,0,0,3.64253,3.64012,0,0,0,0,0.25111,0,0,0,0,0,4.54204
"102-tB",0,0,35.64708,1.08281,0,52.73299,0.57756,0,0,1.28795,0.95436,0,0,0,0,0.70796,0.02411,0,0,0,0,6.98518
"102-tP",0,0.02767,65.83899,1.27538,0,24.06278,0.10975,0,0,0.3524,1.33692,0,0,0,0,0.45673,0.03477,0,0,0,0,6.50459
"17-rB",0,0.31772,43.09661,0,0,55.19516,0.38422,0,0,0.06626,0.37179,0,0,0,0,0.56823,0,0,0,0,0,0
"17-rP",0.67522,0.05708,65.35079,0,0,32.82517,0.79911,0,0,0,0.10204,0,0,0,0,0.16522,0,0,0,0,0,0.02537
"17-tB",0,0.16346,65.09048,0,0,33.32327,0.70605,0,0,0.15267,0.32293,0,0.13373,0,0,0.10741,0,0,0,0,0,0
"17-tP",0.28461,0.15501,58.66226,0,0,39.61141,0.74766,0,0,0.07529,0.18662,0,0.00793,0,0,0.07884,0,0,0,0,0,0.19038
"19-rB",2.03029,0,47.93477,0.01971,0,42.25916,3.78253,0.04684,0,0.71412,0.36565,0,0,0,1.44657,0,0.15172,0.71905,0,0,0,0.52959
"19-rP",3.3835,0,53.95031,0.00799,0,35.23394,2.75922,0.05366,0,1.83564,0.20893,0,0,0,1.11104,0,0.10071,1.33314,0,0,0,0.02192
"19-tB",1.95906,0.00098,44.86488,0,0,44.96012,3.82955,0.01733,0,0.67539,0.69576,0,0,0,0.53646,0,0.01819,2.11071,0,0,0,0.33156
"19-tP",0.64552,0,53.12865,0,0,38.71366,2.59241,0.02002,0,0.81516,0.23807,0,0.16334,0,0.83143,0,0.06283,2.30943,0,0,0,0.4795
"21-rB",0.97888,1.48116,52.42685,0,0,43.3612,0.65333,0,0,0.06815,0.56694,0,0.03766,0,0,0.42583,0,0,0,0,0,0
"21-rP",0.90065,2.21339,41.44102,0,0,54.01974,0.25623,0,0,0.22978,0.09462,0,0.06229,0,0,0.78227,0,0,0,0,0,0
"21-tB",0.21657,1.28165,57.14879,0,0,40.01879,0.43481,0,0,0.20685,0.3945,0,0.00439,0,0,0.29365,0,0,0,0,0,0
"21-tP",0.55373,1.82216,46.25355,0,0,49.29777,0.3319,0,0,0.45504,0.17225,0,0.02976,0,0,1.08383,0,0,0,0,0,0
"24-rB",0.67966,0,54.31857,0.83653,0,33.54232,1.00811,0.80202,0,0,2.3208,0,0.99825,0,2.41432,0.60058,0.00267,0,1.17324,1.30293,0,0
"24-rP",0,0.06654,44.63642,0.70879,0,42.74703,0.27987,0.31591,0,0.00957,7.55397,0,0,0,1.08494,0.8023,0.01327,0,0.47679,1.3046,0,0
"24-tB",0.19282,0,41.84042,0.70589,0,43.00643,0.63747,0.32238,0,0,4.50314,0,0.17172,0,2.55664,0.46254,0,0,3.24464,2.35591,0,0
"24-tP",0,0,55.70362,0.69084,0,30.81228,0.67213,0.15984,0,0.02131,7.75911,0,0,0,1.46401,0.69122,0,0,0.85886,1.16679,0,0
"3-rB",7.11103,1.57516,63.97666,0,0,18.50732,1.63377,1.33785,0,0.40994,3.70578,0,0,0,0,0.96732,0,0,0.77516,0,0,0
"3-rP",0.67819,0.69987,82.32858,0,0,9.85556,1.23236,1.42908,0,0.42793,1.35794,0,0.34137,0,0,1.63506,0,0,0.01406,0,0,0
"3-tB",4.0442,1.42167,78.06921,0,0,11.92405,0.52673,0.65867,0,0.19907,0.84732,0,0.08165,0,0,0.348,0,0,1.87943,0,0,0
"5-rB",8.72913,1.17147,0.23361,0,0,69.55456,18.09572,0,0,1.26826,0.94467,0,0,0,0,0.00257,0,0,0,0,0,0
"5-tB",0.19831,0.35684,41.6666,0.03998,0,53.64034,2.40313,0.048,0,0.17438,0.02324,0,0,0,0,0.48185,0.96733,0,0,0,0,0
"5-tP",0,0.02862,58.21966,0.0989,0,35.8989,3.12889,0,0,0.81969,0.03488,0,0,0,0,0.07034,1.70012,0,0,0,0,0
"52-rB",4.58643,0.12149,41.15802,0.06532,0,43.40863,2.31372,0,0,0.24678,3.08539,0,1.6691,0,0,0,0,0,0.30482,0,0,3.04031
"52-rP",3.25681,0.16528,33.93879,0.12554,0,55.82687,1.72283,0,0,0.32948,2.76565,0,0,0,0,0.10401,0,0,0.05443,0,0,1.7103
"52-tB",1.42543,0.07277,40.02185,0,0,48.04734,2.73711,0,0,0.15244,4.06845,0,0,0,0,0.6462,0,0,0.01933,0,0,2.80908
"52-tP",8.02508,2.11828,32.75359,0.28539,0,48.42502,1.69505,0,0,0.19281,3.16978,0,0.19109,0,0,0.1395,0,0,0,0,0,3.00441
"54-rB",3.81441,0,29.26213,0,0,60.21795,0.39643,0.08342,0,0.16424,2.108,0,1.09555,0,2.04107,0,0,0,0.79659,0,0.02023,0
"54-rP",2.42875,0,29.80013,0,0,63.43346,0.22661,0.14965,0,0.01459,1.64431,0,0.12584,0,1.33929,0,0,0,0.83736,0,0,0
"54-tB",1.11993,0,32.74903,0,0,61.1232,0.15596,0.11467,0,0.00139,1.73662,0,1.84364,0,0.93825,0.03705,0,0,0.18024,0,0,0
"54-tP",1.75522,0,27.25224,0,0,66.56111,0.16047,0.09675,0,0.10922,1.48058,0,0.42473,0,1.32065,0,0,0,0.83902,0,0,0
"55-rB",0.69618,0.22203,40.41287,0.09589,0,27.44469,0.62395,0,0,0,0.16171,0,28.01926,0.24241,0.30369,1.35057,0.42675,0,0,0,0,0
"55-rP",0.65932,0.07449,35.43525,0.05631,0,22.99903,0.6052,0,0,0.07921,0.19157,0,37.52121,0.41855,0.60081,0.96553,0.30932,0,0,0.08418,0,0
"55-tB",0.37365,0.41998,31.54817,0.08833,0,23.79758,0.69485,0,0,0,0.1264,0,41.39993,0.33033,0.16749,0.52061,0.53027,0,0,0.0024,0,0
"55-tP",0.53947,0.2511,25.41339,0.14506,0,27.41747,0.82104,0,0,0.01262,0.69693,0,42.67755,0.6435,0.24538,0.64707,0.29922,0,0,0.1902,0,0
"57-rB",0.30445,0.63891,51.7622,0.09782,0,39.49992,3.93042,0,0,0.25355,0.47325,0,0.9203,0,1.06985,0.9031,0.14622,0,0,0,0,0
"57-rP",0.83009,0.88504,47.10145,0.17438,0,38.59528,2.9185,0,0,0.38247,1.56232,0,0,0,6.46496,0.99652,0.08901,0,0,0,0,0
"57-tB",0.7263,0.60444,52.77796,0.07129,0,39.09435,2.83147,0,0,0.05451,1.01979,0,0.60354,0,1.11436,0.84935,0.25267,0,0,0,0,0
"57-tP",1.43196,1.76045,33.17879,0.25153,0,52.42234,5.6905,0,0,0.34329,1.9874,0,0,0,2.29765,0.63406,0.00205,0,0,0,0,0
"58-rB",0,0.11931,88.15096,0.04945,0,9.86979,1.01577,0.11173,0.17383,0.22253,0.01525,0,0,0,0,0.27138,0,0,0,0,0,0
"58-rP",0.6051,0.42548,75.32656,0.05234,0,15.99623,1.77782,1.67618,0,0.88429,1.02725,0,0.57053,0,0.13379,1.50252,0,0,0.02191,0,0,0
"58-tB",0,0.36596,36.13718,0.09907,0,54.38416,2.21191,0.32294,0,1.93831,0.49748,0,3.9533,0,0,0.08969,0,0,0,0,0,0
"58-tP",0,0.25823,26.88404,0.33028,0,62.22018,3.16634,1.10159,0,2.86118,0.35934,0,0.66509,0,0.66883,1.4849,0,0,0,0,0,0
"60-rB",0,0,76.87991,1.9786,0,15.1128,0.15685,0.09244,0,0.10923,0,0,0.1866,0,0,0,0.05432,0,0,0,0,5.42926
"60-rP",0.35962,0,58.80168,2.23629,0,33.26561,0.21652,0.10707,0,0.18159,0,0,0.12323,0,0,0,0.0667,0,0,0,0,4.64169
"60-tB",0,0.12398,81.50701,0.85939,0,15.26972,0.17635,0.03957,0,0.07736,0,0,0.12308,0,0,0,0.02191,0,0,0,0,1.80163
"60-tP",0,0,80.01319,1.32335,0,12.35698,0.18715,0.04213,0,0.03972,0,0,0.08845,0,0.04945,0,0.03901,0,0,0,0,5.86058
"61-rB",0,0,68.1431,2.45445,0,21.18977,2.50038,0.02104,0,0.01764,0.87292,0,1.22791,0,0,3.46784,0.08751,0,0,0,0,0.01745
"61-rP",0,0.00753,63.63877,2.15367,0,15.71246,1.95765,0.08525,0,0,0.33677,0,1.29078,0,0,4.68333,0.08487,0,0,0,0,10.04892
"61-tB",0,0,68.97457,2.42321,0,20.30498,1.42003,0.01832,0,0,0.28855,0,0.3912,0,0,2.61922,0.07244,0,0,0,0,3.48749
"61-tP",0,0.03139,54.04538,1.83746,0,20.81704,3.29288,0.08245,0,0,0.01803,0,2.11376,0,0,4.88401,0.06345,0,0,0,0,12.81414
"62-rB",0,0,54.68378,0,0,35.87253,0.36764,0.17116,0,0.23167,0.17178,0,0.2211,0,0,0.99401,0,0,0,0,0,7.28632
"62-rP",0,0,52.25766,0,0,43.08082,0.55548,0.50425,0,0.13105,0.17385,0,0.42472,0,0,1.21363,0,0,0,0,0,1.65853
"62-tB",0,0.05647,57.57836,0,0,22.66367,0.49768,0.29242,0,0.06227,0.19821,0,3.0484,0,0,1.00618,0,0,0,0,0,14.59634
"62-tP",0,0.0683,65.21962,0,0,24.78611,0.19045,0.3584,0,0,0,0,0.40405,0,0,1.12101,0,0,0,0,0,7.85206
"64-rB",10.1498,0.20774,16.25701,0.2079,0,38.99109,2.76577,0.20937,0,0.37528,0.39303,0,24.03823,0,0.27557,0.33464,1.65375,0,0,0,0,4.14084
"64-rP",0.2253,0,17.23389,0.12619,0,64.82016,0.43733,0.24778,0,0.18445,0.66531,0,12.38585,0,0.14079,0.03317,0.98212,0,0,0,0,2.51767
"64-tB",0.92444,0.09482,21.27275,0.19462,0,53.16805,0.64482,0.13008,0,0.22921,0.56663,0,12.14344,0,0.129,1.67486,1.19767,0,0,0,0,7.62962
"64-tP",0.19882,0,16.32881,0.08244,0,66.66923,0.06945,0.00395,0,0.0103,0.15357,0,14.68562,0,0.10866,0.11552,0.69333,0,0,0,0,0.88031
"66-rB",0,0.16082,49.27262,0,0,12.85485,1.01553,0,0,0.02172,1.01053,0,0,0,1.04833,0.24674,0,0,0,0,0,34.36886
"66-rP",0.01212,0.0727,65.99915,0,0,16.78436,1.42625,0,0,0.15228,0.99695,0,0,0,1.32522,0,0,0,0,0,0,13.23096
"66-tB",0,0.00311,67.62149,0,0,18.92891,1.20943,0.0081,0,0.03719,0.40033,0,0,0,2.77918,0.01055,0,0,0,0,0,9.00171
"66-tP",0,0,69.68622,0,0,15.17498,1.23138,0.03015,0,0.01241,0.74098,0,0,0,0.74237,0,0,0,0,0,0,12.38151
"68-rB",0,0.09061,65.70097,0.03131,0,32.44654,0.45219,0,0,0.16185,0.30506,0,0,0,0.81146,0,0,0,0,0,0,0
"68-rP",0,1.16228,63.81659,0.56429,0,32.12318,0.52077,0,0,0.01974,0.29962,0,0,0,1.15241,0.33486,0.00349,0,0,0,0,0.00278
"68-tB",0,1.21897,67.45448,0.6213,0,28.62294,0.69264,0,0,0.09989,0.40502,0,0,0,0.60864,0,0.0119,0,0,0,0,0.26421
"68-tP",0,4.66602,70.2812,0.81676,0,22.14256,0.40936,0,0,0.21999,0.36152,0,0,0,0.92796,0,0.01153,0,0,0,0,0.1631
"7-rB",1.1224,0.64703,55.39497,2.66527,0,34.87996,3.31548,0,0,0.29441,0.02379,0.02455,0.05005,0,0,0.68751,0.89459,0,0,0,0,0
"7-rP",2.093,4.23338,28.46334,1.96502,0,55.9341,3.46899,0,0,0.17745,0.77162,0,0.24157,0,0,0.07305,2.57848,0,0,0,0,0
"7-tB",0.46761,0.35732,51.09735,1.89556,0,44.67375,0.49946,0,0,0,0,0,0,0,0,0.1022,0.90677,0,0,0,0,0
"7-tP",2.73086,1.44892,42.24533,2.05388,0,43.19686,4.25304,0,0,0.4055,1.47204,0,0.01932,0,0,0.07582,2.09843,0,0,0,0,0
"70-rB",1.70573,0.01961,49.35821,0.26194,0,33.4352,0.27801,0.1801,0,0.07078,0.52805,0,0,0,0.08422,2.20868,1.66493,0,0,0,0,10.20455
"70-rP",0.95417,0,57.33684,0.19812,0,29.26557,0.11257,0.08776,0,0.09671,0.21972,0,0,0,0,1.76743,1.52894,0,0,0,0,8.43216
"70-tB",2.07513,0.07794,40.39915,0.10848,0,43.80459,0.52313,0.07359,0,0.01744,1.04374,0,0,0,0.26679,1.59004,0.93489,0,0,0,0,9.08508
"70-tP",0.99632,0,48.6866,0.13122,0,38.16785,0.26463,0.10303,0,0.02266,0.46496,0,0,0,0.18634,1.85498,1.36031,0,0,0,0,7.7611
"71-rB",0,0,84.69897,0,0,12.73571,0.58476,0.10938,0,0.48803,0,0,0,0,0,1.38316,0,0,0,0,0,0
"71-rP",0,0,79.61032,0,0,18.12455,0.64115,0.14339,0,0.17237,0,0,0.04782,0,0,1.26039,0,0,0,0,0,0
"71-tB",0,0,49.11596,0,0,42.83215,4.29425,0.5375,0,0.93965,0,0,0.14188,0,0,2.1386,0,0,0,0,0,0
"71-tP",0.15067,0.05665,72.55343,0,0,24.18455,0.78629,0.39872,0,0.2125,0,0,0.21524,0,0,1.44195,0,0,0,0,0,0
"76-rP",0.02725,0.41439,46.74088,0,0,45.03878,4.71093,0.10547,0,0.0454,2.1842,0,0,0,0,0,0,0,0,0,0,0.7327
"76-tB",0,0.28509,52.31991,0,0,33.6103,5.28893,0.16557,0,0.0359,4.17679,0,0,0,0,0,0,0,0,0,0,4.11751
"76-tP",0,0.32729,44.33467,0,0,39.0813,6.92577,0.15075,0,0.09643,3.44113,0,0,0,0,0,0,0,0,0,0,5.64265
"77-rB",2.4551,0.17805,70.86542,0,0,21.08272,0.67794,0,0,0.53969,0,0,0.17443,0,0,4.02665,0,0,0,0,0,0
"77-rP",0.00829,0.11499,76.3445,0,0,18.8868,0.34095,0,0,0.20722,0,0,0,0,0,4.09726,0,0,0,0,0,0
"77-tB",1.2308,0.71947,61.36457,2.02918,0,30.46477,1.27275,0,0,0.04177,0.07675,0,0.29178,0,0,0.87253,1.63563,0,0,0,0,0
"77-tP",0.18289,0.14437,87.61242,0,0,9.45152,0.16871,0,0,0.19655,0,0,0.0404,0,0,2.20314,0,0,0,0,0,0
"79-rB",1.46561,1.85893,80.41758,0.59126,0,13.40356,1.26908,0.00155,0,0.06425,0,0,0.01626,0,0,0.58866,0.09586,0,0,0,0,0.2274
"79-rP",2.81084,2.24355,63.21957,1.4088,0,23.61964,2.18932,0.03121,0,0.09413,0.31789,0,0.02731,0,0,1.1298,0.25049,0,0,0,0,2.65744
"79-tB",2.51522,1.79163,56.88446,1.65586,0,27.91822,1.55341,0.04216,0,0.06958,0.20539,0,0,0,0,1.42452,0.25589,0,0,0,0,5.68366
"79-tP",3.55863,0.73744,70.67164,0.88218,0,20.97639,0.89994,0.01682,0,0,0.05623,0,0,0,0,0.76486,0.14185,0,0,0,0,1.29402
"81-rB",0,0,50.38149,3.57855,0,45.08335,0.59529,0.21496,0,0.03931,0,0,0,0,0,0,0.10704,0,0,0,0,0
"81-rP",0,0.02648,43.82478,3.00684,0,52.47855,0.3803,0.10367,0,0.05924,0,0,0,0,0,0,0.12012,0,0,0,0,0
"81-tB",0,0.04207,44.5247,3.64919,0,50.04383,1.09509,0.3038,0,0.13789,0.0675,0,0,0,0,0,0.13593,0,0,0,0,0
"81-tP",0,0,41.8266,2.18711,0,55.3922,0.26612,0.1235,0,0.09112,0,0,0,0,0,0.05129,0.06206,0,0,0,0,0
"84-rB",0,0,81.72218,0,0,17.42689,0.77241,0,0,0.07853,0,0,0,0,0,0,0,0,0,0,0,0
"84-rP",0,0,81.58514,0,0,17.63814,0.77672,0,0,0,0,0,0,0,0,0,0,0,0,0,0,0
"84-tB",0,0,75.32117,0,0,22.8432,1.73769,0,0,0.09795,0,0,0,0,0,0,0,0,0,0,0,0
"84-tP",0,0,71.5022,0,0,27.32652,1.11127,0,0,0.06001,0,0,0,0,0,0,0,0,0,0,0,0
"85-rB",0,0.01104,76.38667,0,0,20.16119,0.99017,0,0,1.90088,0,0,0.55005,0,0,0,0,0,0,0,0,0
"85-rP",0.80276,0.00216,47.27709,0,0,19.92803,0.18761,0,0,0.28305,0.05467,0,31.46463,0,0,0,0,0,0,0,0,0
"85-tB",2.68336,1.00928,59.17464,0,0,36.23545,0.14548,0,0,0.23109,0.52069,0,0,0,0,0,0,0,0,0,0,0
"85-tP",2.26959,0.71936,61.77844,0,0,22.34451,1.76514,0,0,1.41074,1.13774,0,7.1085,0,0,0,0,0,0,0,1.46598,0
"95-rB",1.02774,0.03955,73.00613,0.08417,0,24.13221,0.2156,0.15787,0,0,0.12367,0,0.78075,0,0,0.43231,0,0,0,0,0,0
"95-rP",5.83729,0.15524,72.16558,0.23083,0,16.16367,0.33674,0.20424,0,0.01012,0.02317,0,4.13861,0,0,0.7345,0,0,0,0,0,0
"95-tB",2.48717,0.00933,70.59862,0.10717,0,24.87027,0.35721,0.15144,0,0.12323,0.15414,0,0.67291,0,0,0.46851,0,0,0,0,0,0
"95-tP",1.86485,0.00855,76.328,0.32117,0,14.59113,0.28279,0.12666,0,0.16562,0.0286,0,5.48164,0,0,0.801,0,0,0,0,0,0
"96-rB",2.3358,1.45836,50.08889,1.07893,0,42.64279,0.4828,0,0,0.07101,0.42468,0,0,0,0,0.29877,0.09056,0,0,0,0,1.0274
"96-rP",2.48612,2.3545,51.54961,0.85971,0,42.60416,0.06946,0,0,0,0,0,0,0,0,0,0,0,0,0,0,0.07644
"96-tB",1.11094,2.69585,48.38017,1.29258,0,42.61244,0.77102,0,0,0.03308,0.45663,0,0,0,0,0.39644,0.11127,0,0,0,0,2.13958
"96-tP",0.45747,0.2915,60.16974,1.81402,0,34.31766,0.49796,0,0,0.05239,0.21081,0,0,0,0,0.66844,0.13408,0,0,0,0,1.38594
"97-rB",0.78915,0.03847,28.4356,0.2484,0,20.57261,2.22239,0.1507,0.10773,0.17637,0.09197,0,0,0,1.77848,0.01548,0,0,0,0,0,45.37265
"97-rP",2.33411,0.06401,52.89207,0.4599,0,22.73116,1.06259,0.05996,0,0.06232,0.1655,0,0,0,0.57488,0.01849,0,0,0,0,0,19.57502
"97-tP",0.29077,0,48.99667,0.93275,0,30.5132,0.93224,0.08571,0,0.02756,0,0,0,0,0.73979,0.09455,0.01184,0,0,0,0,17.37492
"99-rB",0.20595,0.09279,64.8915,2.44248,0,31.06922,1.02272,0,0,0.20581,0,0,0,0,0,0.0201,0.04943,0,0,0,0,0
"99-rP",0.05398,0,87.96442,0.44355,0,10.73906,0.60058,0,0,0.16755,0,0,0,0,0,0,0,0,0,0.03086,0,0
"99-tB",0.10877,0,67.12191,0.68405,0,30.833,1.07276,0,0,0.12788,0,0,0,0,0,0.05162,0,0,0,0,0,0
"99-tP",0.09813,0,85.929,0.45892,0,12.37206,1.0293,0,0,0.06186,0,0,0,0,0,0.00646,0.00715,0,0,0.03713,0,0
