"","o__Acidaminococcales","o__Actinomycetales","o__Bacillales","o__Bacteroidales","o__Bifidobacteriales","o__Brachyspirales","o__Burkholderiales","o__Campylobacterales","o__Candidatus_Gastranaerophilales","o__Clostridiales","o__Coriobacteriales","o__Corynebacteriales","o__Desulfovibrionales","o__Eggerthellales","o__Enterobacterales","o__Erysipelotrichales","o__Firmicutes_unclassified","o__Fusobacteriales","o__Lactobacillales","o__Methanobacteriales","o__Methanomassiliicoccales","o__Micrococcales","o__Pasteurellales","o__Propionibacteriales","o__Proteobacteria_unclassified","o__Pseudomonadales","o__Selenomonadales","o__Synergistales","o__Tissierellales","o__Veillonellales","o__Verrucomicrobiales","o__Victivallales"
"1-rB",0.09178,0,0,66.2533,0,0,0.07631,0,0,27.50982,0.56853,0,0.14567,0.12608,2.46125,0.18855,2.03798,0.49462,0,0,0,0,0,0,0,0,0,0.0461,0,0,0,0
"1-rP",0.14037,0,0,80.8128,0,0,0.18579,0,0,16.16277,0.14445,0,0.12887,0.30213,0.1396,0.03359,1.25422,0.69542,0,0,0,0,0,0,0,0,0,0,0,0,0,0
"1-tB",0.06665,0.01399,0,32.45477,0,0,0.02877,0,0,64.90075,0.05806,0,0.36203,0,0,0.01861,1.08889,0.46904,0.53845,0,0,0,0,0,0,0,0,0,0,0,0,0
"1-tP",0.09418,0,0,70.62334,0,0,0.16147,0,0,20.22539,0.42061,0,0.23719,0.48912,4.90262,0.03546,2.12009,0.65542,0.03512,0,0,0,0,0,0,0,0,0,0,0,0,0
"101-rB",0,0,0,62.67372,0.52818,0,0,0,0,29.28554,0.25678,0,0.0442,0.04568,0,0,1.83806,0,0.22584,1.4129,0.38678,0,0,0,0,0,0,0.01232,0,0.08031,3.20968,0
"101-rP",0,0,0,52.61165,0.99814,0,0,0,0.00295,42.0867,0.41558,0,0.0263,0.02647,0.03823,0,1.22956,0,0.53897,0.83392,0,0,0,0,0,0,0,0,0,0.03978,1.15176,0
"101-tB",0,0,0,58.11547,0.7605,0,0,0,0.10139,33.61582,0.65216,0,0.05794,0.0712,0,0.113,3.74409,0,0.04969,1.72723,0.05645,0,0,0,0,0,0,0,0,0.20562,0.72945,0
"101-tP",0,0,0,52.9035,0.11298,0,0,0,0.30659,40.03443,0.47297,0,0.00513,0.0215,0,0.35164,2.12489,0,0,1.31538,0.18439,0,0,0,0,0,0,0,0,0.03705,2.12955,0
"102-rB",0.23353,0,0,37.53603,0,0,1.49848,0,0,46.62033,0.44883,0,0,1.5585,0,1.12743,3.48803,0,1.13043,0,0,0,0,0,0.02517,0,0,0,0,0,6.33324,0
"102-rP",0.25111,0,0,16.06532,0,0,0.2118,0,0,67.41459,0.07829,0,0,2.09764,0,3.64253,3.64012,0,2.05656,0,0,0,0,0,0,0,0,0,0,0,4.54204,0
"102-tB",0.70796,0,0,35.64708,0,0,1.08281,0,0,52.73299,0.06182,0,0,0.51574,0,1.28795,0.95436,0,0,0,0,0,0,0,0.02411,0,0,0,0,0,6.98518,0
"102-tP",0.45673,0,0,65.83899,0,0,1.27538,0,0,24.06278,0.00844,0,0,0.10131,0,0.3524,1.33692,0,0.02767,0,0,0,0,0,0.03477,0,0,0,0,0,6.50459,0
"17-rB",0,0,0,43.09661,0,0,0,0,0,55.19516,0.32942,0,0,0.05481,0,0.06626,0.37179,0,0.31772,0,0,0,0,0,0,0,0,0,0,0.56823,0,0
"17-rP",0,0,0,65.35079,0.67522,0,0,0,0,32.82517,0.6615,0,0,0.13761,0,0,0.10204,0,0.05708,0,0,0,0,0,0,0,0,0,0,0.16522,0.02537,0
"17-tB",0,0,0,65.09048,0,0,0,0,0,33.32327,0.49152,0,0,0.21453,0.13373,0.15267,0.32293,0,0.16346,0,0,0,0,0,0,0,0,0,0,0.10741,0,0
"17-tP",0,0,0,58.66226,0.28461,0,0,0,0,39.61141,0.55634,0,0,0.19132,0,0.07529,0.18662,0,0.15501,0,0,0,0.00793,0,0,0,0,0,0,0.07884,0.19038,0
"19-rB",0,0,0,47.93477,2.03029,0.71905,0.01971,0,0,42.25916,3.36219,0,0.04684,0.42034,0,0.71412,0.36565,0,0,1.44657,0,0,0,0,0.15172,0,0,0,0,0,0.52959,0
"19-rP",0,0,0,53.95031,3.3835,1.33314,0.00799,0,0,35.23394,2.37151,0,0.05366,0.38771,0,1.83564,0.20893,0,0,1.11104,0,0,0,0,0.10071,0,0,0,0,0,0.02192,0
"19-tB",0,0,0,44.86488,1.95906,2.11071,0,0,0,44.96012,3.56773,0,0.01733,0.26183,0,0.67539,0.69576,0,0.00098,0.53646,0,0,0,0,0.01819,0,0,0,0,0,0.33156,0
"19-tP",0,0,0,53.12865,0.64552,2.30943,0,0,0,38.71366,2.4072,0,0.02002,0.1852,0,0.81516,0.23807,0,0,0.83143,0,0,0,0,0.06283,0.16334,0,0,0,0,0.4795,0
"21-rB",0,0.00636,0,52.42685,0.97252,0,0,0,0,43.3612,0,0,0,0.65333,0,0.06815,0.56694,0,1.48116,0,0,0,0.03766,0,0,0,0,0,0,0.42583,0,0
"21-rP",0,0,0,41.44102,0.90065,0,0,0,0,54.01974,0,0,0,0.25623,0,0.22978,0.09462,0,2.21339,0,0,0,0.06229,0,0,0,0,0,0,0.78227,0,0
"21-tB",0,0,0,57.14879,0.21657,0,0,0,0,40.01879,0,0,0,0.43481,0,0.20685,0.3945,0,1.28165,0,0,0,0.00439,0,0,0,0,0,0,0.29365,0,0
"21-tP",0,0,0,46.25355,0.55373,0,0,0,0,49.29777,0,0,0,0.3319,0,0.45504,0.17225,0,1.82216,0,0,0,0.02976,0,0,0,0,0,0,1.08383,0,0
"24-rB",0.60058,0,0,54.31857,0.67966,0,0.83653,0,0,33.54232,0.8421,0,0.80202,0.16601,0.99825,0,2.3208,0,0,2.41432,1.30293,0,0,0,0.00267,0,0,1.17324,0,0,0,0
"24-rP",0.8023,0,0,44.63642,0,0,0.70879,0,0,42.74703,0.08566,0,0.31591,0.19421,0,0.00957,7.55397,0,0.06654,1.08494,1.3046,0,0,0,0.01327,0,0,0.47679,0,0,0,0
"24-tB",0.46254,0,0,41.84042,0.19282,0,0.70589,0,0,43.00643,0.63148,0,0.32238,0.00599,0.17172,0,4.50314,0,0,2.55664,2.35591,0,0,0,0,0,0,3.24464,0,0,0,0
"24-tP",0.69122,0,0,55.70362,0,0,0.69084,0,0,30.81228,0.65734,0,0.15984,0.01479,0,0.02131,7.75911,0,0,1.46401,1.16679,0,0,0,0,0,0,0.85886,0,0,0,0
"3-rB",0.96732,0,0,63.97666,7.11103,0,0,0,0,18.50732,0.92721,0,1.33785,0.70657,0,0.40994,3.70578,0,1.57516,0,0,0,0,0,0,0,0,0.77516,0,0,0,0
"3-rP",1.63506,0,0,82.32858,0.67819,0,0,0,0,9.85556,0.54767,0,1.42908,0.68468,0.34137,0.42793,1.35794,0,0.69987,0,0,0,0,0,0,0,0,0.01406,0,0,0,0
"3-tB",0.348,0,0,78.06921,4.0442,0,0,0,0,11.92405,0.37864,0,0.65867,0.14809,0.08165,0.19907,0.84732,0,1.42167,0,0,0,0,0,0,0,0,1.87943,0,0,0,0
"5-rB",0,0,0,0.23361,8.72913,0,0,0,0,69.55456,15.2852,0,0,2.81052,0,1.26826,0.94467,0,1.17147,0,0,0,0,0,0,0,0.00257,0,0,0,0,0
"5-tB",0,0,0,41.6666,0.19831,0,0.03998,0,0,53.64034,2.38497,0,0.048,0.01816,0,0.17438,0.02324,0,0.35684,0,0,0,0,0,0.96733,0,0.48185,0,0,0,0,0
"5-tP",0,0,0,58.21966,0,0,0.0989,0,0,35.8989,2.6067,0,0,0.52219,0,0.81969,0.03488,0,0.02862,0,0,0,0,0,1.70012,0,0,0,0,0.07034,0,0
"52-rB",0,0,0,41.15802,4.58643,0,0.06532,0,0,43.40863,1.24715,0,0,1.06657,1.6691,0.24678,3.08539,0,0.12149,0,0,0,0,0,0,0,0,0.30482,0,0,3.04031,0
"52-rP",0,0,0,33.93879,3.25681,0,0.12554,0,0,55.82687,1.03447,0,0,0.68836,0,0.32948,2.76565,0,0.16528,0,0,0,0,0,0,0,0,0.05443,0,0.10401,1.7103,0
"52-tB",0,0,0,40.02185,1.42543,0,0,0,0,48.04734,1.92992,0,0,0.80719,0,0.15244,4.06845,0,0.07277,0,0,0,0,0,0,0,0,0.01933,0,0.6462,2.80908,0
"52-tP",0,0,0,32.75359,8.02508,0,0.28539,0,0,48.42502,1.03451,0,0,0.66055,0.19109,0.19281,3.16978,0,2.11828,0,0,0,0,0,0,0,0,0,0,0.1395,3.00441,0
"54-rB",0,0,0,29.26213,3.81441,0,0,0,0,60.21795,0,0,0.08342,0.39643,0.83975,0.16424,2.108,0,0,2.04107,0,0,0,0,0,0.2558,0,0.79659,0.02023,0,0,0
"54-rP",0,0,0,29.80013,2.42875,0,0,0,0,63.43346,0,0,0.14965,0.22661,0.12584,0.01459,1.64431,0,0,1.33929,0,0,0,0,0,0,0,0.83736,0,0,0,0
"54-tB",0,0,0,32.74903,1.11993,0,0,0,0,61.1232,0,0,0.11467,0.15596,1.84364,0.00139,1.73662,0,0,0.93825,0,0,0,0,0,0,0,0.18024,0,0.03705,0,0
"54-tP",0,0,0,27.25224,1.75522,0,0,0,0,66.56111,0,0,0.09675,0.16047,0.42473,0.10922,1.48058,0,0,1.32065,0,0,0,0,0,0,0,0.83902,0,0,0,0
"55-rB",0.65804,0,0,40.41287,0.69618,0,0.09589,0,0,27.44469,0.47385,0,0,0.1501,28.01926,0,0.16171,0,0.22203,0.30369,0,0,0,0,0.42675,0,0,0,0,0.69254,0,0.24241
"55-rP",0.96553,0,0,35.43525,0.65932,0,0.05631,0,0,22.99903,0.59112,0,0,0.01408,37.52121,0.07921,0.19157,0,0.07449,0.60081,0.08418,0,0,0,0.30932,0,0,0,0,0,0,0.41855
"55-tB",0.52061,0,0,31.54817,0.37365,0,0.08833,0,0,23.79758,0.68284,0,0,0.01202,41.39993,0,0.1264,0,0.41998,0.16749,0.0024,0,0,0,0.53027,0,0,0,0,0,0,0.33033
"55-tP",0.64707,0,0,25.41339,0.53947,0,0.14506,0,0,27.41747,0.782,0,0,0.03903,42.67755,0.01262,0.69693,0,0.2511,0.24538,0.1902,0,0,0,0.29922,0,0,0,0,0,0,0.6435
"57-rB",0.9031,0,0,51.7622,0.30445,0,0.09782,0,0,39.49992,3.50903,0,0,0.42139,0.9203,0.25355,0.47325,0,0.63891,1.06985,0,0,0,0,0.14622,0,0,0,0,0,0,0
"57-rP",0.99652,0,0,47.10145,0.83009,0,0.17438,0,0,38.59528,2.35942,0,0,0.55908,0,0.38247,1.56232,0,0.88504,6.46496,0,0,0,0,0.08901,0,0,0,0,0,0,0
"57-tB",0.84935,0,0,52.77796,0.7263,0,0.07129,0,0,39.09435,2.5803,0,0,0.25117,0.60354,0.05451,1.01979,0,0.60444,1.11436,0,0,0,0,0.25267,0,0,0,0,0,0,0
"57-tP",0.63406,0,0,33.17879,1.43196,0,0.25153,0,0,52.42234,4.70855,0,0,0.98195,0,0.34329,1.9874,0,1.76045,2.29765,0,0,0,0,0.00205,0,0,0,0,0,0,0
"58-rB",0,0,0,88.15096,0,0,0.04945,0.17383,0,9.86979,1.01577,0,0.11173,0,0,0.22253,0.01525,0,0.11931,0,0,0,0,0,0,0,0.17017,0,0,0.10121,0,0
"58-rP",1.49318,0,0,75.32656,0.6051,0,0.05234,0,0,15.99623,1.20841,0,1.67618,0.56942,0.57053,0.88429,1.02725,0,0.42548,0.13379,0,0,0,0,0,0,0.00609,0.02191,0,0.00325,0,0
"58-tB",0.04866,0,0,36.13718,0,0,0.09907,0,0,54.38416,2.20109,0,0.32294,0.01082,3.9533,1.93831,0.49748,0,0.36596,0,0,0,0,0,0,0,0.01677,0,0,0.02426,0,0
"58-tP",1.27851,0,0,26.88404,0,0,0.33028,0,0,62.22018,3.14736,0,1.10159,0.01898,0.66509,2.86118,0.35934,0,0.25823,0.66883,0,0,0,0,0,0,0.06086,0,0,0.14554,0,0
"60-rB",0,0,0,76.87991,0,0,1.9786,0,0,15.1128,0,0,0.09244,0.15685,0.1866,0.10923,0,0,0,0,0,0,0,0,0.05432,0,0,0,0,0,5.42926,0
"60-rP",0,0,0,58.80168,0.35962,0,2.23629,0,0,33.26561,0,0,0.10707,0.21652,0.12323,0.18159,0,0,0,0,0,0,0,0,0.0667,0,0,0,0,0,4.64169,0
"60-tB",0,0,0,81.50701,0,0,0.85939,0,0,15.26972,0,0,0.03957,0.17635,0.12308,0.07736,0,0,0.12398,0,0,0,0,0,0.02191,0,0,0,0,0,1.80163,0
"60-tP",0,0,0,80.01319,0,0,1.32335,0,0,12.35698,0,0,0.04213,0.18715,0.08845,0.03972,0,0,0,0.04945,0,0,0,0,0.03901,0,0,0,0,0,5.86058,0
"61-rB",3.46784,0,0,68.1431,0,0,2.45445,0,0,21.18977,2.49331,0,0.02104,0.00706,1.22791,0.01764,0.87292,0,0,0,0,0,0,0,0.08751,0,0,0,0,0,0.01745,0
"61-rP",4.68333,0,0,63.63877,0,0,2.15367,0,0,15.71246,1.8972,0,0.08525,0.06044,1.29078,0,0.33677,0,0.00753,0,0,0,0,0,0.08487,0,0,0,0,0,10.04892,0
"61-tB",2.61922,0,0,68.97457,0,0,2.42321,0,0,20.30498,1.35917,0,0.01832,0.06086,0.3912,0,0.28855,0,0,0,0,0,0,0,0.07244,0,0,0,0,0,3.48749,0
"61-tP",4.88401,0,0,54.04538,0,0,1.83746,0,0,20.81704,3.17573,0,0.08245,0.11716,2.11376,0,0.01803,0,0.03139,0,0,0,0,0,0.06345,0,0,0,0,0,12.81414,0
"62-rB",0.99401,0,0,54.68378,0,0,0,0,0,35.87253,0,0,0.17116,0.36764,0.2211,0.23167,0.17178,0,0,0,0,0,0,0,0,0,0,0,0,0,7.28632,0
"62-rP",1.21363,0,0,52.25766,0,0,0,0,0,43.08082,0,0,0.50425,0.55548,0.42472,0.13105,0.17385,0,0,0,0,0,0,0,0,0,0,0,0,0,1.65853,0
"62-tB",1.00618,0,0,57.57836,0,0,0,0,0,22.66367,0,0,0.29242,0.49768,3.0484,0.06227,0.19821,0,0.05647,0,0,0,0,0,0,0,0,0,0,0,14.59634,0
"62-tP",1.12101,0,0,65.21962,0,0,0,0,0,24.78611,0,0,0.3584,0.19045,0.40405,0,0,0,0.0683,0,0,0,0,0,0,0,0,0,0,0,7.85206,0
"64-rB",0,0,0,16.25701,10.1498,0,0.2079,0,0,38.99109,0,0,0.20937,2.76577,24.03823,0.37528,0.39303,0,0.20774,0.27557,0,0,0,0,1.65375,0,0,0,0,0.33464,4.14084,0
"64-rP",0,0,0,17.23389,0.2253,0,0.12619,0,0,64.82016,0,0,0.24778,0.43733,12.38585,0.18445,0.66531,0,0,0.14079,0,0,0,0,0.98212,0,0,0,0,0.03317,2.51767,0
"64-tB",0,0,0,21.27275,0.92444,0,0.19462,0,0,53.16805,0,0,0.13008,0.64482,12.14344,0.22921,0.56663,0,0.09482,0.129,0,0,0,0,1.19767,0,0,0,0,1.67486,7.62962,0
"64-tP",0,0,0,16.32881,0.19882,0,0.08244,0,0,66.66923,0,0,0.00395,0.06945,14.68562,0.0103,0.15357,0,0,0.10866,0,0,0,0,0.69333,0,0,0,0,0.11552,0.88031,0
"66-rB",0.24674,0,0,49.27262,0,0,0,0,0,12.85485,0.80199,0,0,0.21353,0,0.02172,1.01053,0,0.16082,1.04833,0,0,0,0,0,0,0,0,0,0,34.36886,0
"66-rP",0,0,0,65.99915,0,0,0,0,0,16.78436,1.41683,0,0,0.00942,0,0.15228,0.99695,0,0.0727,1.32522,0,0,0,0.01212,0,0,0,0,0,0,13.23096,0
"66-tB",0.01055,0,0,67.62149,0,0,0,0,0,18.92891,1.14431,0,0.0081,0.06512,0,0.03719,0.40033,0,0.00311,2.77918,0,0,0,0,0,0,0,0,0,0,9.00171,0
"66-tP",0,0,0,69.68622,0,0,0,0,0,15.17498,1.21399,0,0.03015,0.01739,0,0.01241,0.74098,0,0,0.74237,0,0,0,0,0,0,0,0,0,0,12.38151,0
"68-rB",0,0,0,65.70097,0,0,0.03131,0,0,32.44654,0,0,0,0.45219,0,0.16185,0.30506,0,0.09061,0.81146,0,0,0,0,0,0,0,0,0,0,0,0
"68-rP",0,0,0,63.81659,0,0,0.56429,0,0,32.12318,0,0,0,0.52077,0,0.01974,0.29962,0,1.16228,1.15241,0,0,0,0,0.00349,0,0,0,0,0.33486,0.00278,0
"68-tB",0,0,0,67.45448,0,0,0.6213,0,0,28.62294,0,0,0,0.69264,0,0.09989,0.40502,0,1.21897,0.60864,0,0,0,0,0.0119,0,0,0,0,0,0.26421,0
"68-tP",0,0,0,70.2812,0,0,0.81676,0,0,22.14256,0,0,0,0.40936,0,0.21999,0.36152,0,4.66602,0.92796,0,0,0,0,0.01153,0,0,0,0,0,0.1631,0
"7-rB",0,0,0,55.39497,1.1224,0,2.66527,0,0,34.87996,2.70198,0,0,0.6135,0.05005,0.29441,0.02379,0.02455,0.64703,0,0,0,0,0,0.89459,0,0,0,0,0.68751,0,0
"7-rP",0,0,0,28.46334,2.093,0,1.96502,0,0,55.9341,3.28373,0,0,0.18526,0.24157,0.17745,0.77162,0,4.23338,0,0,0,0,0,2.57848,0,0,0,0,0.07305,0,0
"7-tB",0,0,0,51.09735,0.46761,0,1.89556,0,0,44.67375,0.49946,0,0,0,0,0,0,0,0.35732,0,0,0,0,0,0.90677,0,0,0,0,0.1022,0,0
"7-tP",0,0,0,42.24533,2.73086,0,2.05388,0,0,43.19686,3.88685,0,0,0.36619,0.01932,0.4055,1.47204,0,1.44892,0,0,0,0,0,2.09843,0,0,0,0,0.07582,0,0
"70-rB",1.35827,0,0,49.35821,1.70573,0,0.26194,0,0,33.4352,0,0,0.1801,0.27801,0,0.07078,0.52805,0,0.01961,0.08422,0,0,0,0,1.66493,0,0,0,0,0.85041,10.20455,0
"70-rP",1.48543,0,0,57.33684,0.95417,0,0.19812,0,0,29.26557,0,0,0.08776,0.11257,0,0.09671,0.21972,0,0,0,0,0,0,0,1.52894,0,0,0,0,0.28199,8.43216,0
"70-tB",1.37715,0,0,40.39915,2.07513,0,0.10848,0,0,43.80459,0,0,0.07359,0.52313,0,0.01744,1.04374,0,0.07794,0.26679,0,0,0,0,0.93489,0,0,0,0,0.21289,9.08508,0
"70-tP",1.59852,0,0,48.6866,0.99632,0,0.13122,0,0,38.16785,0,0,0.10303,0.26463,0,0.02266,0.46496,0,0,0.18634,0,0,0,0,1.36031,0,0,0,0,0.25646,7.7611,0
"71-rB",1.38316,0,0,84.69897,0,0,0,0,0,12.73571,0.42744,0,0.10938,0.15732,0,0.48803,0,0,0,0,0,0,0,0,0,0,0,0,0,0,0,0
"71-rP",1.26039,0,0,79.61032,0,0,0,0,0,18.12455,0.49716,0,0.14339,0.14399,0.04782,0.17237,0,0,0,0,0,0,0,0,0,0,0,0,0,0,0,0
"71-tB",2.1386,0,0,49.11596,0,0,0,0,0,42.83215,3.50932,0,0.5375,0.78493,0.14188,0.93965,0,0,0,0,0,0,0,0,0,0,0,0,0,0,0,0
"71-tP",1.44195,0,0,72.55343,0.15067,0,0,0,0,24.18455,0.71013,0,0.39872,0.07616,0.21524,0.2125,0,0,0.05665,0,0,0,0,0,0,0,0,0,0,0,0,0
"76-rP",0,0,0,46.74088,0,0,0,0,0,45.03878,3.53462,0,0.10547,1.17631,0,0.0454,2.1842,0,0.41439,0,0,0,0,0.02725,0,0,0,0,0,0,0.7327,0
"76-tB",0,0,0,52.31991,0,0,0,0,0,33.6103,3.47537,0,0.16557,1.81355,0,0.0359,4.17679,0,0.28509,0,0,0,0,0,0,0,0,0,0,0,4.11751,0
"76-tP",0,0,0,44.33467,0,0,0,0,0,39.0813,5.28776,0,0.15075,1.63801,0,0.09643,3.44113,0,0.32729,0,0,0,0,0,0,0,0,0,0,0,5.64265,0
"77-rB",0.59349,0,0,70.86542,2.4551,0,0,0,0,21.08272,0,0,0,0.67794,0.17443,0.53969,0,0,0.17805,0,0,0,0,0,0,0,0,0,0,3.43317,0,0
"77-rP",0.56359,0,0,76.3445,0.00829,0,0,0,0,18.8868,0,0,0,0.34095,0,0.20722,0,0,0.11499,0,0,0,0,0,0,0,0,0,0,3.53367,0,0
"77-tB",0.12606,0,0,61.36457,1.2308,0,2.02918,0,0,30.46477,1.14613,0,0,0.12662,0.29178,0.04177,0.07675,0,0.71947,0,0,0,0,0,1.63563,0,0,0,0,0.74647,0,0
"77-tP",0.21799,0,0,87.61242,0.18289,0,0,0,0,9.45152,0,0,0,0.16871,0.0404,0.19655,0,0,0.14437,0,0,0,0,0,0,0,0,0,0,1.98515,0,0
"79-rB",0,0,0,80.41758,1.46561,0,0.59126,0,0,13.40356,1.23877,0,0.00155,0.03031,0,0.06425,0,0,1.85893,0,0,0,0.01626,0,0.09586,0,0,0,0,0.58866,0.2274,0
"79-rP",0,0,0,63.21957,2.81084,0,1.4088,0,0,23.61964,2.02221,0,0.03121,0.16711,0.02731,0.09413,0.31789,0,2.24355,0,0,0,0,0,0.25049,0,0,0,0,1.1298,2.65744,0
"79-tB",0,0,0,56.88446,2.51522,0,1.65586,0,0,27.91822,1.44563,0,0.04216,0.10778,0,0.06958,0.20539,0,1.79163,0,0,0,0,0,0.25589,0,0,0,0,1.42452,5.68366,0
"79-tP",0,0,0,70.67164,3.55863,0,0.88218,0,0,20.97639,0.87305,0,0.01682,0.02689,0,0,0.05623,0,0.73744,0,0,0,0,0,0.14185,0,0,0,0,0.76486,1.29402,0
"81-rB",0,0,0,50.38149,0,0,3.57855,0,0,45.08335,0,0,0.21496,0.59529,0,0.03931,0,0,0,0,0,0,0,0,0.10704,0,0,0,0,0,0,0
"81-rP",0,0,0,43.82478,0,0,3.00684,0,0,52.47855,0,0,0.10367,0.3803,0,0.05924,0,0,0.02648,0,0,0,0,0,0.12012,0,0,0,0,0,0,0
"81-tB",0,0,0,44.5247,0,0,3.64919,0,0,50.04383,0,0,0.3038,1.09509,0,0.13789,0.0675,0,0.04207,0,0,0,0,0,0.13593,0,0,0,0,0,0,0
"81-tP",0,0,0,41.8266,0,0,2.18711,0,0,55.3922,0,0,0.1235,0.26612,0,0.09112,0,0,0,0,0,0,0,0,0.06206,0,0,0,0,0.05129,0,0
"84-rB",0,0,0,81.72218,0,0,0,0,0,17.42689,0.71791,0,0,0.0545,0,0.07853,0,0,0,0,0,0,0,0,0,0,0,0,0,0,0,0
"84-rP",0,0,0,81.58514,0,0,0,0,0,17.63814,0.77672,0,0,0,0,0,0,0,0,0,0,0,0,0,0,0,0,0,0,0,0,0
"84-tB",0,0,0,75.32117,0,0,0,0,0,22.8432,1.54184,0,0,0.19585,0,0.09795,0,0,0,0,0,0,0,0,0,0,0,0,0,0,0,0
"84-tP",0,0,0,71.5022,0,0,0,0,0,27.32652,0.96436,0,0,0.14691,0,0.06001,0,0,0,0,0,0,0,0,0,0,0,0,0,0,0,0
"85-rB",0,0,0,76.38667,0,0,0,0,0,20.16119,0,0,0,0.99017,0.55005,1.90088,0,0,0.01104,0,0,0,0,0,0,0,0,0,0,0,0,0
"85-rP",0,0,0,47.27709,0.80276,0,0,0,0,19.92803,0,0,0,0.18761,31.46463,0.28305,0.05467,0,0.00216,0,0,0,0,0,0,0,0,0,0,0,0,0
"85-tB",0,0,0,59.17464,2.68336,0,0,0,0,36.23545,0,0,0,0.14548,0,0.23109,0.52069,0,1.00928,0,0,0,0,0,0,0,0,0,0,0,0,0
"85-tP",0,0,0.42949,61.77844,0.9851,0,0,0,0,22.34451,0,1.28449,0,1.76514,5.38117,1.41074,1.13774,0,0.28987,0,0,0,0,0,0,1.72733,0,0,1.46598,0,0,0
"95-rB",0,0,0,73.00613,1.02774,0,0.08417,0,0,24.13221,0,0,0.15787,0.2156,0.78075,0,0.12367,0,0.03955,0,0,0,0,0,0,0,0,0,0,0.43231,0,0
"95-rP",0,0,0,72.16558,5.83729,0,0.23083,0,0,16.16367,0,0,0.20424,0.33674,4.13861,0.01012,0.02317,0,0.15524,0,0,0,0,0,0,0,0,0,0,0.7345,0,0
"95-tB",0,0,0,70.59862,2.48717,0,0.10717,0,0,24.87027,0,0,0.15144,0.35721,0.67291,0.12323,0.15414,0,0.00933,0,0,0,0,0,0,0,0,0,0,0.46851,0,0
"95-tP",0,0,0,76.328,1.86485,0,0.32117,0,0,14.59113,0,0,0.12666,0.28279,5.48164,0.16562,0.0286,0,0.00855,0,0,0,0,0,0,0,0,0,0,0.801,0,0
"96-rB",0.29877,0,0,50.08889,2.32266,0,1.07893,0,0,42.64279,0.40857,0,0,0.07423,0,0.07101,0.42468,0,1.45836,0,0,0.01314,0,0,0.09056,0,0,0,0,0,1.0274,0
"96-rP",0,0,0,51.54961,2.48612,0,0.85971,0,0,42.60416,0.06946,0,0,0,0,0,0,0,2.3545,0,0,0,0,0,0,0,0,0,0,0,0.07644,0
"96-tB",0.39644,0,0,48.38017,1.11094,0,1.29258,0,0,42.61244,0.64631,0,0,0.12471,0,0.03308,0.45663,0,2.69585,0,0,0,0,0,0.11127,0,0,0,0,0,2.13958,0
"96-tP",0.66844,0,0,60.16974,0.45747,0,1.81402,0,0,34.31766,0.49145,0,0,0.00651,0,0.05239,0.21081,0,0.2915,0,0,0,0,0,0.13408,0,0,0,0,0,1.38594,0
"97-rB",0,0,0,28.4356,0.78915,0,0.2484,0.10773,0,20.57261,1.93232,0,0.1507,0.29007,0,0.17637,0.09197,0,0.03847,1.77848,0,0,0,0,0,0,0,0,0,0.01548,45.37265,0
"97-rP",0,0,0,52.89207,2.33411,0,0.4599,0,0,22.73116,0.92381,0,0.05996,0.13878,0,0.06232,0.1655,0,0.06401,0.57488,0,0,0,0,0,0,0,0,0,0.01849,19.57502,0
"97-tP",0,0,0,48.99667,0.29077,0,0.93275,0,0,30.5132,0.77179,0,0.08571,0.16045,0,0.02756,0,0,0,0.73979,0,0,0,0,0.01184,0,0,0,0,0.09455,17.37492,0
"99-rB",0,0,0,64.8915,0.20595,0,2.44248,0,0,31.06922,1.01483,0,0,0.00789,0,0.20581,0,0,0.09279,0,0,0,0,0,0.04943,0,0,0,0,0.0201,0,0
"99-rP",0,0,0,87.96442,0.05398,0,0.44355,0,0,10.73906,0.60058,0,0,0,0,0.16755,0,0,0,0,0.03086,0,0,0,0,0,0,0,0,0,0,0
"99-tB",0,0,0,67.12191,0.10877,0,0.68405,0,0,30.833,1.06376,0,0,0.009,0,0.12788,0,0,0,0,0,0,0,0,0,0,0,0,0,0.05162,0,0
"99-tP",0,0,0,85.929,0.09813,0,0.45892,0,0,12.37206,1.0293,0,0,0,0,0.06186,0,0,0,0,0.03713,0,0,0,0.00715,0,0,0,0,0.00646,0,0
