Program,xPONENT,,MAGPIX,,,,,,,,,,,,,
Build,4.3.229.0,,,,,,,,,,,,,,,
Date,12/21/2021,4:50 PM,,,,,,,,,,,,,,
,,,,,,,,,,,,,,,,
SN,MAGPX12206703,,,,,,,,,,,,,,,
Batch,Spakowicz_12,,,,,,,,,,,,,,,
Version,1,,,,,,,,,,,,,,,
Operator,,,,,,,,,,,,,,,,
ComputerName,DESKTOP-NG1DMGE,,,,,,,,,,,,,,,
Country Code,7F,,,,,,,,,,,,,,,
ProtocolName,Spakowicz_12,,,,,,,,,,,,,,,
ProtocolVersion,1,,,,,,,,,,,,,,,
ProtocolDescription,,,,,,,,,,,,,,,,
ProtocolDevelopingCompany,R&D,,,,,,,,,,,,,,,
SampleWash,Off,,,,,,,,,,,,,,,
SampleVolume,50 uL,,,,,,,,,,,,,,,
BatchStartTime,12/21/2021 18:03,,,,,,,,,,,,,,,
BatchStopTime,12/21/2021 19:00,,,,,,,,,,,,,,,
BatchDescription,<None>,,,,,,,,,,,,,,,
ProtocolPlate,Name,R&D plate,Type,96,Plates,1,,,,,,,,,,
ProtocolMicrosphere,Map,BP 50 regions,Type,MagPlex,Count,12,,,,,,,,,,
ProtocolAnalysis,Type,Quan,Mode,FitOfAllStandards,,,,,,,,,,,,
NormBead,None,,,,,,,,,,,,,,,
ProtocolHeater,Off,,,,,,,,,,,,,,,
,,,,,,,,,,,,,,,,
Most Recent Calibration and Verification Results:,,,,,,,,,,,,,,,,
Last CAL Calibration,Passed 12/21/2021 15:49:12,,,,,,,,,,,,,,,
Last VER Verification,Passed 12/21/2021 15:50:16,,,,,,,,,,,,,,,
Last Fluidics Test,Passed 12/21/2021 15:51:36,,,,,,,,,,,,,,,
,,,,,,,,,,,,,,,,
CALInfo:,,,,,,,,,,,,,,,,
Calibrator,,,,,,,,,,,,,,,,
Lot,ExpirationDate,CalibrationTime,CL1Temp,CL2Temp,RP1LongTemp,RP1ShortTemp,CL1Current,CL2Current,RP1LongCurrent,RP1ShortCurrent,CL1Factor,CL2Factor,RP1LongFactor,RP1ShortFactor,Result,MachineSerialNo
B83445,9/15/2022,12/21/2021 15:49,25.9,25.9,25.9,25.9,270,329,317,317,0.00694,0.0069,0.00391,0.1161,Pass,MAGPX12206703
B83445,9/15/2022,12/21/2021 15:49,25.9,25.9,25.9,25.9,270,329,317,317,0.00694,0.0069,0.00391,0.1161,Pass,MAGPX12206703
B83445,9/15/2022,12/21/2021 15:49,25.9,25.9,25.9,25.9,270,329,317,317,0.00694,0.0069,0.00391,0.1161,Pass,MAGPX12206703
B83445,9/15/2022,12/21/2021 15:49,25.9,25.9,25.9,25.9,270,329,317,317,0.00694,0.0069,0.00391,0.1161,Pass,MAGPX12206703
B83445,9/15/2022,12/21/2021 15:49,25.9,25.9,25.9,25.9,270,329,317,317,0.00694,0.0069,0.00391,0.1161,Pass,MAGPX12206703
B83445,9/15/2022,12/21/2021 15:49,25.9,25.9,25.9,25.9,270,329,317,317,0.00694,0.0069,0.00391,0.1161,Pass,MAGPX12206703
,,,,,,,,,,,,,,,,
,,,,,,,,,,,,,,,,
AssayLotInfo:,,,,,,,,,,,,,,,,
KitName,LotNumber,ExpirationDate,Manufacturer,,,,,,,,,,,,,
LXSAHM-12,L143109,12/1/2022,R&D,,,,,,,,,,,,,
Reagent,LotName,LotNumber,ExpirationDate,Manufacturer,,,,,,,,,,,,
Standard1,LXSAHM-12,L143109,12/1/2022,R&D,,,,,,,,,,,,
Standard2,LXSAHM-12,L143109,12/1/2022,R&D,,,,,,,,,,,,
Standard3,LXSAHM-12,L143109,12/1/2022,R&D,,,,,,,,,,,,
Standard4,LXSAHM-12,L143109,12/1/2022,R&D,,,,,,,,,,,,
Standard5,LXSAHM-12,L143109,12/1/2022,R&D,,,,,,,,,,,,
Standard6,LXSAHM-12,L143109,12/1/2022,R&D,,,,,,,,,,,,
Standard7,LXSAHM-12,L143109,12/1/2022,R&D,,,,,,,,,,,,
,,,,,,,,,,,,,,,,
,,,,,,,,,,,,,,,,
Samples,48,Min Events,50,Per Bead,,,,,,,,,,,,
,,,,,,,,,,,,,,,,
Results,,,,,,,,,,,,,,,,
,,,,,,,,,,,,,,,,
DataType:,Median,,,,,,,,,,,,,,,
Location,Sample,TNF-alpha,IL-6,vWF-A2,MMP-2,IL-10,CCL2/JE/MCP-1,IL-1 beta/IL-1F2,S100A9,Comlement Component C9,ALCAM/CD166,IL-12/IL-23 p40,Cystatin C,Total Events,,
"1(1,A1)",Standard1,5149,3638.5,7851.5,12469,7473,13367,4374,2884,3318.5,7963,5954,14854,3428,,
"2(1,B1)",Standard1,5160.5,3643,7721,12517,7454,13215,4417.5,3175,3213,8027,6077,14887,3524,,
"3(1,C1)",Standard2,1919,1106.5,2313,7251,2519,8164,1865,1122,1231,4112,2227,8490.5,3440,,
"4(1,D1)",Standard2,1418,730.5,1961,5133.5,1585.5,4706.5,1166,755,861,2627,1425,6504,5414,,
"5(1,E1)",Standard3,671,346,677.5,1784.5,828.5,2505,595.5,329,404,1175,654.5,2129,3626,,
"6(1,F1)",Standard3,680.5,361,688,1793,861,2588,618,343,426,1231,670,2222,3722,,
"7(1,G1)",Standard4,20,282,1160.5,1570,737,2697,253,373,NaN,2017,NaN,3841.5,18,,
"8(1,H1)",Standard4,293.5,152,291.5,345,322,1060,270,142,181,512,248.5,412,2344,,
"9(1,A2)",Standard5,86,52,93,87,76,98,62,50,59,113,67,57,3711,,
"10(1,B2)",Standard5,89,50,107,85,95,96,60,51,61,109,66.5,57,3288,,
"11(1,C2)",Standard6,36,28,45,46,33.5,19,24,34,29,41,35,23,2848,,
"12(1,D2)",Standard6,28,23,43,44,29,11,18,32,24,29,29,23,7408,,
"13(1,E2)",Standard7,21,20,30,36.5,23,9,15,30,20,21,25,19,2861,,
"14(1,F2)",Standard7,20,19,30,37,22,9,15,31,20,20,25,19,3627,,
"15(1,G2)",Background0,12,16,23,32,15,9,9,29,14,12,21,20,3437,,
"16(1,H2)",Background0,11,16,23,31,15,8,9,29,15,12,21,19,4203,,
"17(1,A3)",76-1,32,22,665,11387,20,412,13,236,4563,460,24,22849,2797,,
"18(1,B3)",76-1,33,22,583,11229,19,329,14,207,5226,456,25,22747.5,3066,,
"19(1,C3)",76-2,28,22,225,9150.5,22,124,16,102,4944,344,26,21126,3212,,
"20(1,D3)",76-2,28,23,201,9022,24,45,16,58,4302,197,29,22231,5653,,
"21(1,E3)",76-3,33,32,305,10488.5,24,261,16,114,4497,331,28,22575,3381,,
"22(1,F3)",76-3,30,31,309,10653,21,269.5,14,120,4575,337,27,22378,3098,,
"23(1,G3)",76-4,26,22,219,10835,21,83,14,97,4163,326,25,21993,2838,,
"24(1,H3)",76-4,26,21,220,10778.5,21,80,16,108,4740,335,26,22817,3027,,
"25(1,A4)",77-1,31,30,206,10716,24,351.5,17,137,4292,604.5,28,20951.5,4575,,
"26(1,B4)",77-1,29,28,212,11035.5,23,503,14,132,4695,676,27,21673,3277,,
"27(1,C4)",77-2,28.5,24,225,12307,20,153,13,103,7306.5,990,25,27758,2722,,
"28(1,D4)",77-2,28,25,173,11029.5,26,29,17,80,6676,275,28,23677.5,5246,,
"29(1,E4)",77-3,28,27,223,10838,22,162,14,128,5077,636,27,22359.5,3116,,
"30(1,F4)",77-3,28,23.5,224,10446.5,22,144,15,131,4683,599.5,25,21565,3356,,
"31(1,G4)",77-4,28,24,198,10263,22,136.5,13,112,5102,541,26,21146,3523,,
"32(1,H4)",77-4,26,22,204,10481,21,140,13,127,5520,542,23,21313.5,2540,,
"33(1,A5)",79-1,24,24,315,9772,20,95,13,134,5915,766.5,24,20884,3423,,
"34(1,B5)",79-1,25,23,308.5,9855.5,20,110,13,120,5906,753,25,21216,3579,,
"35(1,C5)",79-2,24,23,269,9309,20,66,14,126,5431.5,638,23,20510,3143,,
"36(1,D5)",79-2,24,23,199,9163.5,22,25,15,97,5164,341,27,18734,5347,,
"37(1,E5)",79-3,25,23,147,10228,23,48,16,122,6518.5,567,27,20307,3244,,
"38(1,F5)",79-3,24,22,156,10092,19.5,57,13.5,128,6298,627,23,20244,2900,,
"39(1,G5)",79-4,25,23,233,9381,21,103.5,14,129,5265,619,25,19067,3222,,
"40(1,H5)",79-4,23,22,253,9456,19,106,12,135.5,5360.5,635,23,19090,2820,,
"41(1,A6)",81-1,23,22,215.5,10845,20,62,14,174,4667,632.5,24,22868.5,3380,,
"42(1,B6)",81-1,21,20,214,10693.5,19,66,11,163.5,5009,672,23,23000,1621,,
"43(1,C6)",81-2,11,17.5,119.5,5881,25,NaN,29,84,4467,496,NaN,14727,25,,
"44(1,D6)",81-2,21,21,114,10848,21,20.5,14,71,4959.5,308.5,26,23190,2895,,
"45(1,E6)",81-3,19,19,159,11135,17,78,13,100,5677.5,661,24,23407.5,447,,
"46(1,F6)",81-3,23,23,148.5,11030,22,55,13,90,5896,575,26,23994.5,3557,,
"47(1,G6)",81-4,25,23,172,9499,22,50,16,109,5740,580.5,26,24095,3838,,
"48(1,H6)",81-4,22,21,167,9335,19,52,14,104.5,4737,551,24,22593,2277,,
"49(1,A7)",84-1,25,24,358,11212,22,84,14,134.5,4307,460,26,18870,3424,,
"50(1,B7)",84-1,30,26,330,11238,23,82,16,129,5993.5,472,28,21186,4605,,
"51(1,C7)",84-2,30,27,239,10228.5,25.5,108,17,102,4573.5,456.5,29,20105,4820,,
"52(1,D7)",84-2,26,25,199,10689,24,34,16,84,6830,342,29,23373,5190,,
"53(1,E7)",84-3,29,25,354,11014,22,103,16,138,4847.5,559,28,20508.5,4789,,
"54(1,F7)",84-3,30,24,326.5,10888,23,124,16,129,7154,817.5,27,27446,3929,,
"55(1,G7)",84-4,46,3124,147.5,7190,17,133,22,86,NaN,NaN,82,13606,25,,
"56(1,H7)",84-4,27,2151,250,7246,19,NaN,29,97,NaN,353,17,13433.5,27,,
"57(1,A8)",95-1,19,1477.5,127.5,6616.5,14,76,28.5,72,4636,NaN,NaN,6935.5,24,,
"58(1,B8)",95-1,25,24,285,9118,22,69,15,88,4663.5,359.5,25,21214,3933,,
"59(1,C8)",95-2,29,26,187,9965,24,59.5,15,102,5623,1308,28,31738,3793,,
"60(1,D8)",95-2,30,28,164,10249.5,29,28,19,70,6964,242,32,24846,6168,,
"61(1,E8)",95-3,28,27,261,7757,22,126,16,73,6625,452,25,24765,3320,,
"62(1,F8)",95-3,27,25,246.5,7615,22,85,14.5,75,5744,373,28,23308.5,3185,,
"63(1,G8)",95-4,29,27,221,10388,24,65,15,68.5,6941,388.5,27.5,25396,3806,,
"64(1,H8)",95-4,26,25,281.5,10601,20,106,12,66,6246.5,417,24,24001,2151,,
"65(1,A9)",96-1,21,17,245,5991,23,212,15,123,4988,317,26,21898.5,4315,,
"66(1,B9)",96-1,25,20,232,6041,23,181,16,116,5351.5,286,27,22209,4132,,
"67(1,C9)",96-2,26,19,233,6632,25,323,17,107.5,5330.5,307.5,28,22460,3823,,
"68(1,D9)",96-2,26,21,211,6470,26,93,17,100,4710,161,30,21779,6075,,
"69(1,E9)",96-3,33,19,237,5816,22,311,14,97,4858.5,267,26,21557,3787,,
"70(1,F9)",96-3,30,18,220,5819,20,268,14,87,5120,236,25,21520.5,3249,,
"71(1,G9)",96-4,34,20,268,6846,24,254,19,112,4499.5,267,30,23652,3807,,
"72(1,H9)",96-4,32,16,293,7041.5,21.5,269,15,111,4783,272,27,24053,2176,,
"73(1,A10)",99-1,28,23,161,10726,24,94,18,133,4684.5,763,26,21341,4363,,
"74(1,B10)",99-1,27,24,168,10814,24,90,15,126,4526,726,27,21180.5,4805,,
"75(1,C10)",99-2,26,25,146,11073,23,83,16,95,5299.5,657,25,21874,4083,,
"76(1,D10)",99-2,25,24,128,10672,27,36,17,87,4497,381,28,21017,6353,,
"77(1,E10)",99-3,31,24,185,11774,23.5,84,15,139,5710,828,27,22466,4143,,
"78(1,F10)",99-3,27,23,175,11511,24,62,15,123,6187.5,745,26,22862,4244,,
"79(1,G10)",99-4,28,23,159,11473.5,24,60,15,151.5,6614.5,781,24,24101.5,3042,,
"80(1,H10)",99-4,26,20.5,171.5,11611.5,21,86,13,171,5611.5,848,22,22340,2190,,
"81(1,A11)",101-1,26,23,370,10477,23,163,14,234,5816,691.5,26.5,20851.5,4221,,
"82(1,B11)",101-1,25,24.5,334.5,10401,24,113,15,200,6050,576,28,20733,4609,,
"83(1,C11)",101-2,26,23,319,9615,24,198,16,103,6535.5,748,28.5,22084,4756,,
"84(1,D11)",101-2,26,25,228,9764,28,39,18,77.5,6804.5,367,32,21665,6419,,
"85(1,E11)",101-3,28,26,341,7880,26.5,52,19,107,5754.5,410,32,20306,3733,,
"86(1,F11)",101-3,26,21,369,7843.5,24,58,16,107,5872,443,28,19967,4612,,
"87(1,G11)",101-4,25,21,312,11547.5,21,78,15,99,6610,704.5,25.5,22234,2985,,
"88(1,H11)",101-4,24,20,313,11789,21,79,14,101,7064,743,24,22865.5,2394,,
"89(1,A12)",102-1,30,30,237.5,8387,25,118,16,141,6138,1004,28,24386,3904,,
"90(1,B12)",102-1,30,34,243,8380,27,120,17,159,6561,1084,29,25196.5,4317,,
"91(1,C12)",102-2,28,31,300,8666,25,35,17.5,152,6393,946,28,24718,4779,,
"92(1,D12)",102-2,27,28.5,287.5,8754,30,26,17,122,6622,635,31,24340,6449,,
"93(1,E12)",102-3,27,28,267,9526.5,25,34,18,164,6355,939,30,24138,3741,,
"94(1,F12)",102-3,28,27,238,9000,27,28,17,149.5,6230,741,30,23158,3680,,
"95(1,G12)",102-4,25,22,255.5,8698,22,28,13,156,5911,915,24,23094,2603,,
"96(1,H12)",102-4,23,21,280,8906,18,30,14,175,5908.5,1003,23,23076,1166,,
,,,,,,,,,,,,,,,,
DataType:,Net MFI,,,,,,,,,,,,,,,
Location,Sample,TNF-alpha,IL-6,vWF-A2,MMP-2,IL-10,CCL2/JE/MCP-1,IL-1 beta/IL-1F2,S100A9,Comlement Component C9,ALCAM/CD166,IL-12/IL-23 p40,Cystatin C,Total Events,,
"1(1,A1)",Standard1,5137.5,3622.5,7828.5,12437.5,7458,13358.5,4365,2855,3304,7951,5933,14834.5,3428,,
"2(1,B1)",Standard1,5149,3627,7698,12485.5,7439,13206.5,4408.5,3146,3198.5,8015,6056,14867.5,3524,,
"3(1,C1)",Standard2,1907.5,1090.5,2290,7219.5,2504,8155.5,1856,1093,1216.5,4100,2206,8471,3440,,
"4(1,D1)",Standard2,1406.5,714.5,1938,5102,1570.5,4698,1157,726,846.5,2615,1404,6484.5,5414,,
"5(1,E1)",Standard3,659.5,330,654.5,1753,813.5,2496.5,586.5,300,389.5,1163,633.5,2109.5,3626,,
"6(1,F1)",Standard3,669,345,665,1761.5,846,2579.5,609,314,411.5,1219,649,2202.5,3722,,
"7(1,G1)",Standard4,8.5,266,1137.5,1538.5,722,2688.5,244,344,NaN,2005,NaN,3822,18,,
"8(1,H1)",Standard4,282,136,268.5,313.5,307,1051.5,261,113,166.5,500,227.5,392.5,2344,,
"9(1,A2)",Standard5,74.5,36,70,55.5,61,89.5,53,21,44.5,101,46,37.5,3711,,
"10(1,B2)",Standard5,77.5,34,84,53.5,80,87.5,51,22,46.5,97,45.5,37.5,3288,,
"11(1,C2)",Standard6,24.5,12,22,14.5,18.5,10.5,15,5,14.5,29,14,3.5,2848,,
"12(1,D2)",Standard6,16.5,7,20,12.5,14,2.5,9,3,9.5,17,8,3.5,7408,,
"13(1,E2)",Standard7,9.5,4,7,5,8,0.5,6,1,5.5,9,4,-0.5,2861,,
"14(1,F2)",Standard7,8.5,3,7,5.5,7,0.5,6,2,5.5,8,4,-0.5,3627,,
"15(1,G2)",Background0,0.5,0,0,0.5,0,0.5,0,0,-0.5,0,0,0.5,3437,,
"16(1,H2)",Background0,-0.5,0,0,-0.5,0,-0.5,0,0,0.5,0,0,-0.5,4203,,
"17(1,A3)",76-1,20.5,6,642,11355.5,5,403.5,4,207,4548.5,448,3,22829.5,2797,,
"18(1,B3)",76-1,21.5,6,560,11197.5,4,320.5,5,178,5211.5,444,4,22728,3066,,
"19(1,C3)",76-2,16.5,6,202,9119,7,115.5,7,73,4929.5,332,5,21106.5,3212,,
"20(1,D3)",76-2,16.5,7,178,8990.5,9,36.5,7,29,4287.5,185,8,22211.5,5653,,
"21(1,E3)",76-3,21.5,16,282,10457,9,252.5,7,85,4482.5,319,7,22555.5,3381,,
"22(1,F3)",76-3,18.5,15,286,10621.5,6,261,5,91,4560.5,325,6,22358.5,3098,,
"23(1,G3)",76-4,14.5,6,196,10803.5,6,74.5,5,68,4148.5,314,4,21973.5,2838,,
"24(1,H3)",76-4,14.5,5,197,10747,6,71.5,7,79,4725.5,323,5,22797.5,3027,,
"25(1,A4)",77-1,19.5,14,183,10684.5,9,343,8,108,4277.5,592.5,7,20932,4575,,
"26(1,B4)",77-1,17.5,12,189,11004,8,494.5,5,103,4680.5,664,6,21653.5,3277,,
"27(1,C4)",77-2,17,8,202,12275.5,5,144.5,4,74,7292,978,4,27738.5,2722,,
"28(1,D4)",77-2,16.5,9,150,10998,11,20.5,8,51,6661.5,263,7,23658,5246,,
"29(1,E4)",77-3,16.5,11,200,10806.5,7,153.5,5,99,5062.5,624,6,22340,3116,,
"30(1,F4)",77-3,16.5,7.5,201,10415,7,135.5,6,102,4668.5,587.5,4,21545.5,3356,,
"31(1,G4)",77-4,16.5,8,175,10231.5,7,128,4,83,5087.5,529,5,21126.5,3523,,
"32(1,H4)",77-4,14.5,6,181,10449.5,6,131.5,4,98,5505.5,530,2,21294,2540,,
"33(1,A5)",79-1,12.5,8,292,9740.5,5,86.5,4,105,5900.5,754.5,3,20864.5,3423,,
"34(1,B5)",79-1,13.5,7,285.5,9824,5,101.5,4,91,5891.5,741,4,21196.5,3579,,
"35(1,C5)",79-2,12.5,7,246,9277.5,5,57.5,5,97,5417,626,2,20490.5,3143,,
"36(1,D5)",79-2,12.5,7,176,9132,7,16.5,6,68,5149.5,329,6,18714.5,5347,,
"37(1,E5)",79-3,13.5,7,124,10196.5,8,39.5,7,93,6504,555,6,20287.5,3244,,
"38(1,F5)",79-3,12.5,6,133,10060.5,4.5,48.5,4.5,99,6283.5,615,2,20224.5,2900,,
"39(1,G5)",79-4,13.5,7,210,9349.5,6,95,5,100,5250.5,607,4,19047.5,3222,,
"40(1,H5)",79-4,11.5,6,230,9424.5,4,97.5,3,106.5,5346,623,2,19070.5,2820,,
"41(1,A6)",81-1,11.5,6,192.5,10813.5,5,53.5,5,145,4652.5,620.5,3,22849,3380,,
"42(1,B6)",81-1,9.5,4,191,10662,4,57.5,2,134.5,4994.5,660,2,22980.5,1621,,
"43(1,C6)",81-2,-0.5,1.5,96.5,5849.5,10,NaN,20,55,4452.5,484,NaN,14707.5,25,,
"44(1,D6)",81-2,9.5,5,91,10816.5,6,12,5,42,4945,296.5,5,23170.5,2895,,
"45(1,E6)",81-3,7.5,3,136,11103.5,2,69.5,4,71,5663,649,3,23388,447,,
"46(1,F6)",81-3,11.5,7,125.5,10998.5,7,46.5,4,61,5881.5,563,5,23975,3557,,
"47(1,G6)",81-4,13.5,7,149,9467.5,7,41.5,7,80,5725.5,568.5,5,24075.5,3838,,
"48(1,H6)",81-4,10.5,5,144,9303.5,4,43.5,5,75.5,4722.5,539,3,22573.5,2277,,
"49(1,A7)",84-1,13.5,8,335,11180.5,7,75.5,5,105.5,4292.5,448,5,18850.5,3424,,
"50(1,B7)",84-1,18.5,10,307,11206.5,8,73.5,7,100,5979,460,7,21166.5,4605,,
"51(1,C7)",84-2,18.5,11,216,10197,10.5,99.5,8,73,4559,444.5,8,20085.5,4820,,
"52(1,D7)",84-2,14.5,9,176,10657.5,9,25.5,7,55,6815.5,330,8,23353.5,5190,,
"53(1,E7)",84-3,17.5,9,331,10982.5,7,94.5,7,109,4833,547,7,20489,4789,,
"54(1,F7)",84-3,18.5,8,303.5,10856.5,8,115.5,7,100,7139.5,805.5,6,27426.5,3929,,
"55(1,G7)",84-4,34.5,3108,124.5,7158.5,2,124.5,13,57,NaN,NaN,61,13586.5,25,,
"56(1,H7)",84-4,15.5,2135,227,7214.5,4,NaN,20,68,NaN,341,-4,13414,27,,
"57(1,A8)",95-1,7.5,1461.5,104.5,6585,-1,67.5,19.5,43,4621.5,NaN,NaN,6916,24,,
"58(1,B8)",95-1,13.5,8,262,9086.5,7,60.5,6,59,4649,347.5,4,21194.5,3933,,
"59(1,C8)",95-2,17.5,10,164,9933.5,9,51,6,73,5608.5,1296,7,31718.5,3793,,
"60(1,D8)",95-2,18.5,12,141,10218,14,19.5,10,41,6949.5,230,11,24826.5,6168,,
"61(1,E8)",95-3,16.5,11,238,7725.5,7,117.5,7,44,6610.5,440,4,24745.5,3320,,
"62(1,F8)",95-3,15.5,9,223.5,7583.5,7,76.5,5.5,46,5729.5,361,7,23289,3185,,
"63(1,G8)",95-4,17.5,11,198,10356.5,9,56.5,6,39.5,6926.5,376.5,6.5,25376.5,3806,,
"64(1,H8)",95-4,14.5,9,258.5,10569.5,5,97.5,3,37,6232,405,3,23981.5,2151,,
"65(1,A9)",96-1,9.5,1,222,5959.5,8,203.5,6,94,4973.5,305,5,21879,4315,,
"66(1,B9)",96-1,13.5,4,209,6009.5,8,172.5,7,87,5337,274,6,22189.5,4132,,
"67(1,C9)",96-2,14.5,3,210,6600.5,10,314.5,8,78.5,5316,295.5,7,22440.5,3823,,
"68(1,D9)",96-2,14.5,5,188,6438.5,11,84.5,8,71,4695.5,149,9,21759.5,6075,,
"69(1,E9)",96-3,21.5,3,214,5784.5,7,302.5,5,68,4844,255,5,21537.5,3787,,
"70(1,F9)",96-3,18.5,2,197,5787.5,5,259.5,5,58,5105.5,224,4,21501,3249,,
"71(1,G9)",96-4,22.5,4,245,6814.5,9,245.5,10,83,4485,255,9,23632.5,3807,,
"72(1,H9)",96-4,20.5,0,270,7010,6.5,260.5,6,82,4768.5,260,6,24033.5,2176,,
"73(1,A10)",99-1,16.5,7,138,10694.5,9,85.5,9,104,4670,751,5,21321.5,4363,,
"74(1,B10)",99-1,15.5,8,145,10782.5,9,81.5,6,97,4511.5,714,6,21161,4805,,
"75(1,C10)",99-2,14.5,9,123,11041.5,8,74.5,7,66,5285,645,4,21854.5,4083,,
"76(1,D10)",99-2,13.5,8,105,10640.5,12,27.5,8,58,4482.5,369,7,20997.5,6353,,
"77(1,E10)",99-3,19.5,8,162,11742.5,8.5,75.5,6,110,5695.5,816,6,22446.5,4143,,
"78(1,F10)",99-3,15.5,7,152,11479.5,9,53.5,6,94,6173,733,5,22842.5,4244,,
"79(1,G10)",99-4,16.5,7,136,11442,9,51.5,6,122.5,6600,769,3,24082,3042,,
"80(1,H10)",99-4,14.5,4.5,148.5,11580,6,77.5,4,142,5597,836,1,22320.5,2190,,
"81(1,A11)",101-1,14.5,7,347,10445.5,8,154.5,5,205,5801.5,679.5,5.5,20832,4221,,
"82(1,B11)",101-1,13.5,8.5,311.5,10369.5,9,104.5,6,171,6035.5,564,7,20713.5,4609,,
"83(1,C11)",101-2,14.5,7,296,9583.5,9,189.5,7,74,6521,736,7.5,22064.5,4756,,
"84(1,D11)",101-2,14.5,9,205,9732.5,13,30.5,9,48.5,6790,355,11,21645.5,6419,,
"85(1,E11)",101-3,16.5,10,318,7848.5,11.5,43.5,10,78,5740,398,11,20286.5,3733,,
"86(1,F11)",101-3,14.5,5,346,7812,9,49.5,7,78,5857.5,431,7,19947.5,4612,,
"87(1,G11)",101-4,13.5,5,289,11516,6,69.5,6,70,6595.5,692.5,4.5,22214.5,2985,,
"88(1,H11)",101-4,12.5,4,290,11757.5,6,70.5,5,72,7049.5,731,3,22846,2394,,
"89(1,A12)",102-1,18.5,14,214.5,8355.5,10,109.5,7,112,6123.5,992,7,24366.5,3904,,
"90(1,B12)",102-1,18.5,18,220,8348.5,12,111.5,8,130,6546.5,1072,8,25177,4317,,
"91(1,C12)",102-2,16.5,15,277,8634.5,10,26.5,8.5,123,6378.5,934,7,24698.5,4779,,
"92(1,D12)",102-2,15.5,12.5,264.5,8722.5,15,17.5,8,93,6607.5,623,10,24320.5,6449,,
"93(1,E12)",102-3,15.5,12,244,9495,10,25.5,9,135,6340.5,927,9,24118.5,3741,,
"94(1,F12)",102-3,16.5,11,215,8968.5,12,19.5,8,120.5,6215.5,729,9,23138.5,3680,,
"95(1,G12)",102-4,13.5,6,232.5,8666.5,7,19.5,4,127,5896.5,903,3,23074.5,2603,,
"96(1,H12)",102-4,11.5,5,257,8874.5,3,21.5,5,146,5894,991,2,23056.5,1166,,
,,,,,,,,,,,,,,,,
DataType:,Count,,,,,,,,,,,,,,,
Location,Sample,TNF-alpha,IL-6,vWF-A2,MMP-2,IL-10,CCL2/JE/MCP-1,IL-1 beta/IL-1F2,S100A9,Comlement Component C9,ALCAM/CD166,IL-12/IL-23 p40,Cystatin C,Total Events,,
"1(1,A1)",Standard1,261,316,304,293,281,273,249,205,272,334,346,294,3428,,
"2(1,B1)",Standard1,306,289,293,285,304,299,264,207,302,311,341,323,3524,,
"3(1,C1)",Standard2,263,280,268,314,281,297,235,201,317,321,319,344,3440,,
"4(1,D1)",Standard2,415,466,474,506,420,440,407,315,469,456,485,561,5414,,
"5(1,E1)",Standard3,272,296,312,292,328,309,270,238,322,341,332,314,3626,,
"6(1,F1)",Standard3,284,298,335,357,312,331,268,201,334,319,359,324,3722,,
"7(1,G1)",Standard4,1,1,2,5,2,1,2,1,0,1,0,2,18,,
"8(1,H1)",Standard4,228,211,202,195,200,159,176,149,211,198,206,209,2344,,
"9(1,A2)",Standard5,302,320,294,323,313,276,279,237,346,338,348,335,3711,,
"10(1,B2)",Standard5,267,281,281,321,251,260,228,172,304,297,312,314,3288,,
"11(1,C2)",Standard6,231,230,243,243,230,268,211,170,278,239,256,249,2848,,
"12(1,D2)",Standard6,539,606,548,680,580,540,575,501,768,617,775,679,7408,,
"13(1,E2)",Standard7,234,241,216,252,227,240,225,169,248,245,302,262,2861,,
"14(1,F2)",Standard7,300,338,284,282,301,285,290,235,317,308,325,362,3627,,
"15(1,G2)",Background0,279,310,291,288,281,261,252,207,336,309,304,319,3437,,
"16(1,H2)",Background0,343,370,352,316,336,298,330,301,377,355,459,366,4203,,
"17(1,A3)",76-1,233,245,242,268,227,223,194,167,283,224,212,279,2797,,
"18(1,B3)",76-1,245,238,253,293,259,250,244,178,293,285,256,272,3066,,
"19(1,C3)",76-2,267,261,268,310,242,274,219,203,292,263,269,344,3212,,
"20(1,D3)",76-2,423,444,456,552,443,352,382,345,637,467,539,613,5653,,
"21(1,E3)",76-3,267,290,288,328,293,271,208,207,353,285,273,318,3381,,
"22(1,F3)",76-3,255,287,270,261,255,230,204,197,303,253,294,289,3098,,
"23(1,G3)",76-4,223,221,255,264,232,218,201,189,267,251,222,295,2838,,
"24(1,H3)",76-4,236,239,269,304,232,221,217,168,317,242,267,315,3027,,
"25(1,A4)",77-1,364,360,397,476,330,340,319,281,507,384,381,436,4575,,
"26(1,B4)",77-1,240,248,267,300,294,266,232,203,345,255,275,352,3277,,
"27(1,C4)",77-2,206,266,238,249,205,213,181,176,260,245,231,252,2722,,
"28(1,D4)",77-2,356,361,411,586,370,386,348,296,627,451,452,602,5246,,
"29(1,E4)",77-3,241,264,272,281,253,254,196,166,293,270,308,318,3116,,
"30(1,F4)",77-3,249,292,267,324,255,249,257,196,315,322,295,335,3356,,
"31(1,G4)",77-4,262,302,297,363,281,266,213,217,329,332,302,359,3523,,
"32(1,H4)",77-4,208,196,225,255,221,193,179,137,243,218,223,242,2540,,
"33(1,A5)",79-1,269,267,298,335,259,267,228,182,357,322,284,355,3423,,
"34(1,B5)",79-1,303,270,320,308,306,287,254,198,364,304,301,364,3579,,
"35(1,C5)",79-2,245,264,283,281,224,238,195,192,314,288,278,341,3143,,
"36(1,D5)",79-2,343,389,453,562,378,355,334,317,597,492,505,622,5347,,
"37(1,E5)",79-3,264,261,293,319,234,256,237,186,338,286,258,312,3244,,
"38(1,F5)",79-3,234,247,237,271,234,243,190,162,281,257,253,291,2900,,
"39(1,G5)",79-4,266,275,314,295,242,256,201,183,335,295,221,339,3222,,
"40(1,H5)",79-4,223,219,225,257,236,235,208,186,276,224,237,294,2820,,
"41(1,A6)",81-1,272,293,268,316,263,249,231,219,372,286,265,346,3380,,
"42(1,B6)",81-1,127,131,140,152,121,154,96,106,146,153,130,165,1621,,
"43(1,C6)",81-2,2,2,2,3,3,0,3,2,2,1,0,5,25,,
"44(1,D6)",81-2,230,215,260,313,231,236,169,168,314,248,206,305,2895,,
"45(1,E6)",81-3,47,42,39,45,39,35,15,26,42,38,33,46,447,,
"46(1,F6)",81-3,244,301,294,353,268,261,258,240,366,301,317,354,3557,,
"47(1,G6)",81-4,290,317,328,385,299,270,244,226,427,344,315,393,3838,,
"48(1,H6)",81-4,179,198,195,204,180,189,160,126,227,204,207,208,2277,,
"49(1,A7)",84-1,233,287,308,313,281,289,219,198,333,305,279,379,3424,,
"50(1,B7)",84-1,301,385,370,451,365,337,292,276,536,388,381,523,4605,,
"51(1,C7)",84-2,316,408,418,494,386,345,317,263,556,418,360,539,4820,,
"52(1,D7)",84-2,377,406,446,515,427,361,332,293,609,434,402,588,5190,,
"53(1,E7)",84-3,363,372,385,435,343,360,337,304,530,466,426,468,4789,,
"54(1,F7)",84-3,330,350,352,361,261,311,259,226,397,336,344,402,3929,,
"55(1,G7)",84-4,2,1,2,4,5,1,3,1,0,0,1,5,25,,
"56(1,H7)",84-4,3,1,3,4,5,0,2,3,0,1,1,4,27,,
"57(1,A8)",95-1,3,2,2,4,6,1,2,1,1,0,0,2,24,,
"58(1,B8)",95-1,303,361,309,350,295,272,275,208,394,380,355,431,3933,,
"59(1,C8)",95-2,291,332,329,349,307,274,280,221,405,328,298,379,3793,,
"60(1,D8)",95-2,400,455,488,676,447,383,388,354,751,496,571,759,6168,,
"61(1,E8)",95-3,277,242,292,353,275,268,223,181,327,277,288,317,3320,,
"62(1,F8)",95-3,237,240,256,298,265,276,232,191,317,286,285,302,3185,,
"63(1,G8)",95-4,285,328,319,345,303,272,242,238,415,346,316,397,3806,,
"64(1,H8)",95-4,182,175,188,190,184,155,145,124,208,183,192,225,2151,,
"65(1,A9)",96-1,263,324,345,434,378,337,262,253,482,362,381,494,4315,,
"66(1,B9)",96-1,280,360,345,431,357,329,257,263,406,323,359,422,4132,,
"67(1,C9)",96-2,277,313,315,374,277,305,270,228,408,308,353,395,3823,,
"68(1,D9)",96-2,349,437,479,641,450,395,438,384,758,470,525,749,6075,,
"69(1,E9)",96-3,289,300,323,366,308,301,254,228,378,309,323,408,3787,,
"70(1,F9)",96-3,253,269,262,333,284,293,191,184,307,285,278,310,3249,,
"71(1,G9)",96-4,283,313,321,350,319,267,240,226,420,337,314,417,3807,,
"72(1,H9)",96-4,174,208,188,218,192,177,160,133,197,173,192,164,2176,,
"73(1,A10)",99-1,337,359,332,407,349,335,305,261,474,373,368,463,4363,,
"74(1,B10)",99-1,319,353,397,480,356,370,305,302,507,442,446,528,4805,,
"75(1,C10)",99-2,282,317,340,426,318,318,259,245,428,350,370,430,4083,,
"76(1,D10)",99-2,412,476,467,650,473,402,448,414,748,569,553,741,6353,,
"77(1,E10)",99-3,317,318,372,421,326,301,264,253,442,385,335,409,4143,,
"78(1,F10)",99-3,338,325,367,409,343,339,283,233,428,390,341,448,4244,,
"79(1,G10)",99-4,232,244,274,314,252,263,194,178,308,251,220,312,3042,,
"80(1,H10)",99-4,189,172,200,208,191,174,147,127,212,180,173,217,2190,,
"81(1,A11)",101-1,321,336,340,399,346,342,254,248,457,380,368,430,4221,,
"82(1,B11)",101-1,336,382,370,459,359,347,285,256,494,419,439,463,4609,,
"83(1,C11)",101-2,349,368,371,485,372,396,327,277,496,410,410,495,4756,,
"84(1,D11)",101-2,370,453,477,756,465,427,398,364,820,530,578,781,6419,,
"85(1,E11)",101-3,277,280,310,365,288,280,272,245,410,323,325,358,3733,,
"86(1,F11)",101-3,347,351,371,464,320,349,342,286,484,404,399,495,4612,,
"87(1,G11)",101-4,233,230,256,296,250,227,206,171,309,248,262,297,2985,,
"88(1,H11)",101-4,188,188,215,209,203,204,178,127,226,197,197,262,2394,,
"89(1,A12)",102-1,255,321,338,389,311,315,259,248,375,360,332,401,3904,,
"90(1,B12)",102-1,324,344,325,415,352,317,274,259,476,390,335,506,4317,,
"91(1,C12)",102-2,343,359,389,487,407,353,290,283,560,423,361,524,4779,,
"92(1,D12)",102-2,369,452,520,682,458,441,420,393,779,577,551,807,6449,,
"93(1,E12)",102-3,251,301,311,340,264,288,255,231,415,321,327,437,3741,,
"94(1,F12)",102-3,266,303,304,375,286,246,279,244,377,312,303,385,3680,,
"95(1,G12)",102-4,191,220,246,251,204,226,167,135,272,236,215,240,2603,,
"96(1,H12)",102-4,85,104,125,108,95,106,67,69,108,96,96,107,1166,,
,,,,,,,,,,,,,,,,
DataType:,Result,,,,,,,,,,,,,,,
Location,Sample,TNF-alpha,IL-6,vWF-A2,MMP-2,IL-10,CCL2/JE/MCP-1,IL-1 beta/IL-1F2,S100A9,Comlement Component C9,ALCAM/CD166,IL-12/IL-23 p40,Cystatin C,Total Events,,
"1(1,A1)",Standard1,N/A,1102.512124,11728.35093,55657.06927,1586.767027,17689.39735,6540.159365,6253.217651,6992603.101,214399.9682,146624.0502,141882.7647,3428,,
"2(1,B1)",Standard1,N/A,1103.812795,11541.12527,56157.97218,1580.795484,16770.91094,6662.923602,7181.211079,6705116.373,217388.6928,150435.5143,142711.3507,3524,,
"3(1,C1)",Standard2,N/A,352.546058,3615.972733,22682.04105,374.9095931,3644.532621,1660.065305,1855.888376,2071689.302,77042.8714,46686.74912,52581.60132,3440,,
"4(1,D1)",Standard2,N/A,235.9517495,3082.124774,15335.51244,220.1528665,1356.38544,900.1295654,1184.217897,1378505.374,42796.20769,29150.53441,38444.64349,5414,,
"5(1,E1)",Standard3,N/A,113.2907824,1090.699475,6138.30564,110.8383426,634.6174141,421.1920416,497.2494004,605636.0137,17279.70597,13537.97018,14823.05078,3626,,
"6(1,F1)",Standard3,N/A,118.1761507,1107.433801,6160.557689,115.2483358,656.1747991,437.9622531,518.4948031,640663.5241,18134.58503,13842.64962,15283.32785,3722,,
"7(1,G1)",Standard4,N/A,92.31360586,1850.916043,5573.603453,98.54826892,685.021587,183.4048417,564.2577581,NaN,31191.95179,NaN,23363.20288,18,,
"8(1,H1)",Standard4,N/A,48.81446466,465.2144348,1917.978488,44.69013779,303.9201662,194.5927084,216.0776672,262162.6223,7795.144773,5543.900422,5292.353596,2344,,
"9(1,A2)",Standard5,N/A,13.81001489,129.0199508,648.4444174,11.90807908,82.6299091,54.90111592,63.21118321,77749.19483,2230.81082,1589.094747,1598.458065,3711,,
"10(1,B2)",Standard5,N/A,13.07998315,153.4698402,633.4364481,14.72834736,81.88869234,53.37631944,65.23500878,80897.50443,2167.344063,1576.143172,1598.458065,3288,,
"11(1,C2)",Standard6,N/A,4.860352608,43.16249917,255.0003812,4.549004681,39.76320028,21.35078504,24.4699288,27497.99636,923.8942476,646.4879778,565.9288142,2848,,
"12(1,D2)",Standard6,N/A,2.910237169,39.4731427,225.3368599,3.513343071,26.24516135,13.1869882,17.14783309,17668.89534,608.3132644,403.6417833,565.9288142,7408,,
"13(1,E2)",Standard7,N/A,1.707422326,15.00601839,62.56537595,1.754141394,9.462715942,6.724531434,4.99645201,8468.089488,289.5477616,176.3706416,185.3090103,2861,,
"14(1,F2)",Standard7,N/A,1.297430771,15.00601839,80.44440937,1.338843416,9.462715942,6.724531434,12.45783602,8468.089488,220.364014,176.3706416,185.3090103,3627,,
"15(1,G2)",Background0,NaN,NaN,NaN,NaN,NaN,NaN,NaN,NaN,NaN,NaN,NaN,NaN,3437,,
"16(1,H2)",Background0,NaN,NaN,NaN,NaN,NaN,NaN,NaN,NaN,NaN,NaN,NaN,NaN,4203,,
"17(1,A3)",76-1,N/A,2.512910127,1070.762715,45780.12372,< 1.41289437585734,166.6447566,< 5.74759945130316,357.4508738,10681659.75,7088.341464,74.1152639,15012046.72,2797,,
"18(1,B3)",76-1,N/A,2.512910127,939.55049,44531.36484,< 1.41289437585734,147.385704,< 5.74759945130316,314.079248,12868200.58,7034.055196,176.3706416,8016919.18,3066,,
"19(1,C3)",76-2,N/A,2.512910127,354.4531406,31293.22677,1.338843416,91.71067365,9.368542048,153.7704739,11919528,5514.248491,245.5423648,853189.7873,3212,,
"20(1,D3)",76-2,N/A,2.910237169,314.118746,30627.23737,2.108720876,59.23144118,9.368542048,78.8359176,9862858.647,3480.295416,403.6417833,2284018.213,5653,,
"21(1,E3)",76-3,N/A,6.389592546,487.5467271,39199.6389,2.108720876,130.6773738,9.368542048,172.7704485,10472360.41,5337.26851,355.7107045,4413437.706,3381,,
"22(1,F3)",76-3,N/A,6.009302178,494.1548615,40315.71278,0.776983731,132.8271156,< 5.74759945130316,182.1534977,10719877.32,5418.984208,303.7006102,2886938.005,3098,,
"23(1,G3)",76-4,N/A,2.512910127,344.3896655,41594.05537,0.776983731,76.88019685,< 5.74759945130316,145.7411132,9436512.509,5269.124889,176.3706416,1697264.873,2838,,
"24(1,H3)",76-4,N/A,2.112212863,346.0678115,41192.15781,0.776983731,75.6712139,9.368542048,163.3135956,11250454.21,5391.752177,245.5423648,11798934.01,3027,,
"25(1,A4)",77-1,N/A,5.627732246,322.5398722,40752.91321,2.108720876,152.7077448,11.42124248,208.422387,9831960.412,9060.256311,355.7107045,772114.0111,4575,,
"26(1,B4)",77-1,N/A,4.860352608,332.6323284,43058.51827,1.754141394,186.8594089,< 5.74759945130316,200.7380245,11104811.67,10047.77691,303.7006102,1252015.071,3277,,
"27(1,C4)",77-2,N/A,3.304702883,354.4531406,54010.54408,< 1.41289437585734,100.9283198,< 5.74759945130316,155.3675906,20716452.35,14520.93716,176.3706416,> 135440,2722,,
"28(1,D4)",77-2,N/A,3.696684679,266.7651983,43013.80321,2.722169351,48.8888558,11.42124248,117.7514097,18180199.9,4570.674243,355.7107045,> 135440,5246,,
"29(1,E4)",77-3,N/A,4.474300182,351.1000815,41615.52474,1.338843416,103.6442227,< 5.74759945130316,194.5671043,12363517.08,9494.146637,303.7006102,2794825.057,3116,,
"30(1,F4)",77-3,N/A,3.107801669,352.7767886,38920.4276,1.338843416,98.1496112,6.724531434,199.1973422,11066092.64,8991.543439,176.3706416,1148201.655,3356,,
"31(1,G4)",77-4,N/A,3.304702883,309.0612539,37726.84258,1.338843416,95.78079191,< 5.74759945130316,169.6269319,12447658.48,8190.506698,245.5423648,863491.7151,3523,,
"32(1,H4)",77-4,N/A,2.512910127,319.1726119,39149.61149,0.776983731,96.89259861,< 5.74759945130316,193.0208488,13886560.21,8204.158374,< 167.818930041152,959725.4168,2540,,
"33(1,A5)",79-1,N/A,3.304702883,504.0597016,34728.79613,< 1.41289437585734,81.51538211,< 5.74759945130316,203.8154878,15301796.68,11312.61992,74.1152639,744453.489,3423,,
"34(1,B5)",79-1,N/A,2.910237169,493.3290611,35219.72144,< 1.41289437585734,86.93903583,< 5.74759945130316,182.1534977,15268950.95,11122.79307,176.3706416,901433.1152,3579,,
"35(1,C5)",79-2,N/A,2.910237169,427.8862211,32134.70577,< 1.41289437585734,69.69646275,< 5.74759945130316,191.4731131,13576867.89,9521.755579,< 167.818930041152,619144.4166,3143,,
"36(1,D5)",79-2,N/A,2.910237169,310.7474914,31361.40101,1.338843416,45.64458368,6.724531434,145.7411132,12657263.75,5473.429738,303.7006102,329673.1991,5347,,
"37(1,E5)",79-3,N/A,2.910237169,222.455756,37503.91426,1.754141394,60.88190577,9.368542048,185.2666232,17568071.08,8545.894023,303.7006102,566108.5442,3244,,
"38(1,F5)",79-3,N/A,2.512910127,237.8345841,36651.54788,< 1.41289437585734,65.48900191,< 5.74759945130316,194.5671043,16725473.63,9369.997349,< 167.818930041152,551283.6184,2900,,
"39(1,G5)",79-4,N/A,2.910237169,367.8513905,32524.50564,0.776983731,84.63301559,< 5.74759945130316,196.1119154,13001568.61,9259.76534,176.3706416,363563.4536,3222,,
"40(1,H5)",79-4,N/A,2.512910127,401.2538034,32935.71137,< 1.41289437585734,85.52743905,< 5.74759945130316,206.1202928,13330372.17,9480.344941,< 167.818930041152,366123.0149,2820,,
"41(1,A6)",81-1,N/A,2.512910127,338.5132717,41665.67117,< 1.41289437585734,67.86834949,< 5.74759945130316,264.573198,11014545.22,9445.848756,74.1152639,17966026.49,3380,,
"42(1,B6)",81-1,N/A,1.707422326,335.9934296,40596.13546,< 1.41289437585734,69.69646275,< 5.74759945130316,248.736362,12135748.65,9992.272924,< 167.818930041152,> 135440,1621,,
"43(1,C6)",81-2,N/A,0.668004856,175.1529554,17728.05299,2.427579338,NaN,26.80831434,124.4521395,10377726.6,7577.414763,NaN,138756.4319,25,,
"44(1,D6)",81-2,N/A,2.112212863,165.6280594,41687.18449,0.776983731,41.39087252,< 5.74759945130316,102.3282992,11970955.21,5030.2295,245.5423648,> 135440,2895,,
"45(1,E6)",81-3,N/A,1.297430771,242.9508818,43808.32589,< 1.41289437585734,74.85260208,< 5.74759945130316,150.5677306,14444403.16,9839.801322,74.1152639,> 135440,447,,
"46(1,F6)",81-3,N/A,2.910237169,225.0221008,43017.52732,1.338843416,64.50425517,< 5.74759945130316,134.361031,15232488.5,8655.439575,245.5423648,> 135440,3557,,
"47(1,G6)",81-4,N/A,2.910237169,265.0674185,33173.88977,1.338843416,61.94732205,9.368542048,164.8953622,14668144.55,8730.808627,245.5423648,> 135440,3838,,
"48(1,H6)",81-4,N/A,2.112212863,256.5711796,32274.91309,< 1.41289437585734,62.98742378,< 5.74759945130316,157.7581622,11240722.79,8327.083263,74.1152639,4633776.767,2277,,
"49(1,A7)",84-1,N/A,3.304702883,574.8011661,44399.52499,1.338843416,77.27836967,< 5.74759945130316,204.5840634,9878320.885,7088.341464,245.5423648,342837.2515,3424,,
"50(1,B7)",84-1,N/A,4.086473456,528.7842826,44601.35728,1.754141394,76.47964987,9.368542048,196.1119154,15589469.91,7251.258459,355.7107045,884801.3186,4605,,
"51(1,C7)",84-2,N/A,4.474300182,377.8857803,37507.08852,2.577433265,86.23615794,11.42124248,153.7704739,10715097.38,7040.840499,403.6417833,520921.6975,4820,,
"52(1,D7)",84-2,N/A,3.696684679,310.7474914,40564.86487,2.108720876,52.48024114,9.368542048,124.4521395,18787006.07,5487.037412,403.6417833,> 135440,5190,,
"53(1,E7)",84-3,N/A,3.696684679,568.237687,42898.54874,1.338843416,84.45296081,9.368542048,209.9556582,11601228.03,8436.443013,355.7107045,618719.8382,4789,,
"54(1,F7)",84-3,N/A,3.304702883,523.0199105,41975.29601,1.754141394,91.71067365,9.368542048,196.1119154,20090409.52,12033.60489,303.7006102,> 135440,3929,,
"55(1,G7)",84-4,N/A,953.2378026,223.3113501,22442.79103,< 1.41289437585734,94.65731021,18.91374971,127.7728302,NaN,NaN,1964.94537,114863.8737,25,,
"56(1,H7)",84-4,N/A,667.2957522,396.2515966,22662.35701,< 1.41289437585734,NaN,26.80831434,145.7411132,NaN,5636.632825,< 167.818930041152,111688.3276,27,,
"57(1,A8)",95-1,N/A,465.581026,188.9665779,20283.85837,< 1.41289437585734,74.0233191,26.2926907,104.0694177,10914925.69,NaN,NaN,41251.57233,24,,
"58(1,B8)",95-1,N/A,3.304702883,454.4449244,31123.43835,1.338843416,71.02866028,6.724531434,131.0754194,11003281.1,5724.961881,176.3706416,900306.3276,3933,,
"59(1,C8)",95-2,N/A,4.086473456,290.4850217,35874.91224,2.108720876,66.69267812,6.724531434,153.7704739,14250401.98,19325.59327,355.7107045,> 135440,3793,,
"60(1,D8)",95-2,N/A,4.860352608,251.4674376,37640.68003,3.513343071,48.114045,14.77524763,100.5793751,19321669.8,4113.814065,532.1322395,> 135440,6168,,
"61(1,E8)",95-3,N/A,4.474300182,414.5795439,24745.26309,1.338843416,92.37301869,9.368542048,105.8030434,17981049.36,6979.777432,176.3706416,> 135440,3320,,
"62(1,F8)",95-3,N/A,3.696684679,390.4121272,24151.56378,1.338843416,77.67422078,4.805178635,109.2489779,14682509.93,5908.284207,355.7107045,> 135440,3185,,
"63(1,G8)",95-4,N/A,4.474300182,347.7455948,38535.31203,2.108720876,69.24520839,6.724531434,97.94062011,19229458.24,6118.603601,330.3120929,> 135440,3806,,
"64(1,H8)",95-4,N/A,3.696684679,448.64126,39958.97329,< 1.41289437585734,85.52743905,< 5.74759945130316,93.49863588,16531093.47,6505.09047,74.1152639,> 135440,2151,,
"65(1,A9)",96-1,N/A,0.45197721,387.9083089,18096.59581,1.754141394,117.8329703,6.724531434,186.820655,12065732.47,5146.346155,245.5423648,1537613.972,4315,,
"66(1,B9)",96-1,N/A,1.707422326,366.1778146,18265.62845,1.754141394,109.1984107,9.368542048,175.9057818,13299250.76,4721.959242,303.7006102,2214113.788,4132,,
"67(1,C9)",96-2,N/A,1.297430771,367.8513905,20340.17037,2.427579338,145.9514034,11.42124248,162.52182,13226743.11,5016.557622,355.7107045,3377049.143,3823,,
"68(1,D9)",96-2,N/A,2.112212863,330.951211,19756.87182,2.722169351,80.76318119,11.42124248,150.5677306,11153280.91,2959.554346,448.6063405,1372563.396,6075,,
"69(1,E9)",96-3,N/A,1.297430771,374.5423186,17512.38677,1.338843416,143.0620876,< 5.74759945130316,145.7411132,11637347.64,4460.366429,245.5423648,1141153.88,3787,,
"70(1,F9)",96-3,N/A,0.880326175,346.0678115,17522.30664,< 1.41289437585734,132.4492046,< 5.74759945130316,129.4263149,12508374.41,4030.156146,176.3706416,1110002.758,3249,,
"71(1,G9)",96-4,N/A,1.707422326,426.2239065,21128.86699,2.108720876,128.8914374,14.77524763,169.6269319,10480260.74,4460.366429,448.6063405,> 135440,3807,,
"72(1,H9)",96-4,N/A,< 1.35802469135802,467.6981201,21868.36656,1.088861742,132.7012132,6.724531434,168.0519711,11390281.73,4529.33832,303.7006102,> 135440,2176,,
"73(1,A10)",99-1,N/A,2.910237169,246.3590751,40822.82037,2.108720876,81.14022387,13.1869882,202.277396,11070929.78,11263.36533,245.5423648,977451.875,4363,,
"74(1,B10)",99-1,N/A,3.304702883,258.2714176,41444.13732,2.108720876,79.62036435,6.724531434,191.4731131,10564138.2,10744.37648,303.7006102,881813.7306,4805,,
"75(1,C10)",99-2,N/A,3.696684679,220.7441272,43339.2656,1.754141394,76.88019685,9.368542048,142.5073388,13119986.91,9784.416099,176.3706416,1500790.412,4083,,
"76(1,D10)",99-2,N/A,3.304702883,189.8284017,40446.9859,2.998878657,53.8082805,11.42124248,129.4263149,10472360.41,6016.853518,355.7107045,800817.3336,6353,,
"77(1,E10)",99-3,N/A,3.304702883,287.1019264,49029.62857,1.936957332,77.27836967,6.724531434,211.4877951,14560580.3,12182.8216,303.7006102,3419272.034,4143,,
"78(1,F10)",99-3,N/A,2.910237169,270.1593171,46790.82531,2.108720876,67.86834949,6.724531434,186.820655,16309530.38,11010.49929,245.5423648,16862818.56,4244,,
"79(1,G10)",99-4,N/A,2.910237169,242.9508818,46482.24393,2.108720876,66.92997971,6.724531434,230.554121,17940159.23,11516.97803,74.1152639,> 135440,3042,,
"80(1,H10)",99-4,N/A,1.910386459,264.218347,47630.66566,0.776983731,78.06780084,< 5.74759945130316,260.0541829,14209597.06,12467.79901,< 167.818930041152,2703677.491,2190,,
"81(1,A11)",101-1,N/A,2.910237169,594.4717378,39122.96021,1.754141394,103.9423922,< 5.74759945130316,354.4599731,14942031.68,10263.1619,275.58691,731775.3588,4221,,
"82(1,B11)",101-1,N/A,3.500984436,536.19151,38620.51586,2.108720876,87.98281989,6.724531434,303.6001222,15797837.68,8669.139574,355.7107045,688724.0612,4609,,
"83(1,C11)",101-2,N/A,2.910237169,510.6581024,33825.41739,2.108720876,113.9916734,9.368542048,155.3675906,17633729.92,11052.59248,380.1028064,1883790.582,4756,,
"84(1,D11)",101-2,N/A,3.696684679,359.4800845,34682.14848,3.261703746,55.70717126,13.1869882,113.5191551,18685962.71,5826.827072,532.1322395,1243725.307,6419,,
"85(1,E11)",101-3,N/A,4.086473456,546.8828107,25269.30641,2.862470132,62.98742378,14.77524763,161.7294388,14720245.36,6410.175757,532.1322395,565867.6494,3733,,
"86(1,F11)",101-3,N/A,2.112212863,592.8336443,25112.83103,2.108720876,65.97398304,9.368542048,161.7294388,15145119.45,6857.679679,355.7107045,493607.5962,4612,,
"87(1,G11)",101-4,N/A,2.112212863,499.1083765,47093.66004,0.776983731,74.85260208,6.724531434,148.9619433,17922646.54,10444.19127,212.8811955,2293879.737,2985,,
"88(1,H11)",101-4,N/A,1.707422326,500.7590603,49161.40467,0.776983731,75.26321005,< 5.74759945130316,152.1705468,19724714.51,10982.44843,74.1152639,17439811.7,2394,,
"89(1,A12)",102-1,N/A,5.627732246,375.3783083,27532.02787,2.427579338,89.69585064,9.368542048,214.5487735,16124569.38,14726.30063,355.7107045,> 135440,3904,,
"90(1,B12)",102-1,N/A,7.146660708,384.5687629,27499.59887,2.998878657,90.37222932,11.42124248,241.9297687,17732405.21,15910.3728,403.6417833,> 135440,4317,,
"91(1,C12)",102-2,N/A,6.009302178,479.2809359,28853.61043,2.427579338,53.15099235,12.33116981,231.3138374,17086440.29,13879.01341,355.7107045,> 135440,4779,,
"92(1,D12)",102-2,N/A,5.052763108,458.5883753,29282.61963,3.755720792,46.49422116,11.42124248,185.2666232,17969362.58,9480.344941,491.2853926,> 135440,6449,,
"93(1,E12)",102-3,N/A,4.860352608,424.561303,33327.15108,2.427579338,52.48024114,13.1869882,249.4918689,16941679.9,13777.37353,448.6063405,> 135440,3741,,
"94(1,F12)",102-3,N/A,4.474300182,376.214215,30514.63014,2.998878657,48.114045,11.42124248,227.5131868,16469009.91,10954.40656,448.6063405,> 135440,3680,,
"95(1,G12)",102-4,N/A,2.512910127,405.4201859,29008.91949,1.338843416,48.114045,< 5.74759945130316,237.3845082,15287195.13,13429.8884,74.1152639,> 135440,2603,,
"96(1,H12)",102-4,N/A,2.112212863,446.1529532,30038.04261,< 1.41289437585734,49.64283763,< 5.74759945130316,266.0786109,15278071.96,14711.61378,< 167.818930041152,> 135440,1166,,
,,,,,,,,,,,,,,,,
DataType:,Range,,,,,,,,,,,,,,,
Location,Sample,TNF-alpha,IL-6,vWF-A2,MMP-2,IL-10,CCL2/JE/MCP-1,IL-1 beta/IL-1F2,S100A9,Comlement Component C9,ALCAM/CD166,IL-12/IL-23 p40,Cystatin C,Total Events,,
"1(1,A1)",Standard1,Invalid curve fit,,,,,,,,,,,,3428,,
"2(1,B1)",Standard1,Invalid curve fit,,,,,,,,,,,,3524,,
"3(1,C1)",Standard2,Invalid curve fit,,,,,,,,,,,,3440,,
"4(1,D1)",Standard2,Invalid curve fit,,,,,,,,,,,,5414,,
"5(1,E1)",Standard3,Invalid curve fit,,,,,,,,,,,,3626,,
"6(1,F1)",Standard3,Invalid curve fit,,,,,,,,,,,,3722,,
"7(1,G1)",Standard4,Invalid curve fit,,,,,,,,NaN,,NaN,,18,,
"8(1,H1)",Standard4,Invalid curve fit,,,,,,,,,,,,2344,,
"9(1,A2)",Standard5,Invalid curve fit,,,,,,,,,,,,3711,,
"10(1,B2)",Standard5,Invalid curve fit,,,,,,,,,,,,3288,,
"11(1,C2)",Standard6,Invalid curve fit,,,,,,,,,,,,2848,,
"12(1,D2)",Standard6,Invalid curve fit,,,,,,,,,,,,7408,,
"13(1,E2)",Standard7,Invalid curve fit,,,,,,,,,,,,2861,,
"14(1,F2)",Standard7,Invalid curve fit,,,,,,,,,,,,3627,,
"15(1,G2)",Background0,,,,,,,,,,,,,3437,,
"16(1,H2)",Background0,,,,,,,,,,,,,4203,,
"17(1,A3)",76-1,Invalid curve fit,,,,,,,,,,,,2797,,
"18(1,B3)",76-1,Invalid curve fit,,,,,,,,,,,,3066,,
"19(1,C3)",76-2,Invalid curve fit,,,,,,,,,,,,3212,,
"20(1,D3)",76-2,Invalid curve fit,,,,,,,,,,,,5653,,
"21(1,E3)",76-3,Invalid curve fit,,,,,,,,,,,,3381,,
"22(1,F3)",76-3,Invalid curve fit,,,,,,,,,,,,3098,,
"23(1,G3)",76-4,Invalid curve fit,,,,,,,,,,,,2838,,
"24(1,H3)",76-4,Invalid curve fit,,,,,,,,,,,,3027,,
"25(1,A4)",77-1,Invalid curve fit,,,,,,,,,,,,4575,,
"26(1,B4)",77-1,Invalid curve fit,,,,,,,,,,,,3277,,
"27(1,C4)",77-2,Invalid curve fit,,,,,,,,,,,,2722,,
"28(1,D4)",77-2,Invalid curve fit,,,,,,,,,,,,5246,,
"29(1,E4)",77-3,Invalid curve fit,,,,,,,,,,,,3116,,
"30(1,F4)",77-3,Invalid curve fit,,,,,,,,,,,,3356,,
"31(1,G4)",77-4,Invalid curve fit,,,,,,,,,,,,3523,,
"32(1,H4)",77-4,Invalid curve fit,,,,,,,,,,,,2540,,
"33(1,A5)",79-1,Invalid curve fit,,,,,,,,,,,,3423,,
"34(1,B5)",79-1,Invalid curve fit,,,,,,,,,,,,3579,,
"35(1,C5)",79-2,Invalid curve fit,,,,,,,,,,,,3143,,
"36(1,D5)",79-2,Invalid curve fit,,,,,,,,,,,,5347,,
"37(1,E5)",79-3,Invalid curve fit,,,,,,,,,,,,3244,,
"38(1,F5)",79-3,Invalid curve fit,,,,,,,,,,,,2900,,
"39(1,G5)",79-4,Invalid curve fit,,,,,,,,,,,,3222,,
"40(1,H5)",79-4,Invalid curve fit,,,,,,,,,,,,2820,,
"41(1,A6)",81-1,Invalid curve fit,,,,,,,,,,,,3380,,
"42(1,B6)",81-1,Invalid curve fit,,,,,,,,,,,,1621,,
"43(1,C6)",81-2,Invalid curve fit,,,,,NaN,,,,,NaN,,25,,
"44(1,D6)",81-2,Invalid curve fit,,,,,,,,,,,,2895,,
"45(1,E6)",81-3,Invalid curve fit,,,,,,,,,,,,447,,
"46(1,F6)",81-3,Invalid curve fit,,,,,,,,,,,,3557,,
"47(1,G6)",81-4,Invalid curve fit,,,,,,,,,,,,3838,,
"48(1,H6)",81-4,Invalid curve fit,,,,,,,,,,,,2277,,
"49(1,A7)",84-1,Invalid curve fit,,,,,,,,,,,,3424,,
"50(1,B7)",84-1,Invalid curve fit,,,,,,,,,,,,4605,,
"51(1,C7)",84-2,Invalid curve fit,,,,,,,,,,,,4820,,
"52(1,D7)",84-2,Invalid curve fit,,,,,,,,,,,,5190,,
"53(1,E7)",84-3,Invalid curve fit,,,,,,,,,,,,4789,,
"54(1,F7)",84-3,Invalid curve fit,,,,,,,,,,,,3929,,
"55(1,G7)",84-4,Invalid curve fit,,,,,,,,NaN,NaN,,,25,,
"56(1,H7)",84-4,Invalid curve fit,,,,,NaN,,,NaN,,,,27,,
"57(1,A8)",95-1,Invalid curve fit,,,,,,,,,NaN,NaN,,24,,
"58(1,B8)",95-1,Invalid curve fit,,,,,,,,,,,,3933,,
"59(1,C8)",95-2,Invalid curve fit,,,,,,,,,,,,3793,,
"60(1,D8)",95-2,Invalid curve fit,,,,,,,,,,,,6168,,
"61(1,E8)",95-3,Invalid curve fit,,,,,,,,,,,,3320,,
"62(1,F8)",95-3,Invalid curve fit,,,,,,,,,,,,3185,,
"63(1,G8)",95-4,Invalid curve fit,,,,,,,,,,,,3806,,
"64(1,H8)",95-4,Invalid curve fit,,,,,,,,,,,,2151,,
"65(1,A9)",96-1,Invalid curve fit,,,,,,,,,,,,4315,,
"66(1,B9)",96-1,Invalid curve fit,,,,,,,,,,,,4132,,
"67(1,C9)",96-2,Invalid curve fit,,,,,,,,,,,,3823,,
"68(1,D9)",96-2,Invalid curve fit,,,,,,,,,,,,6075,,
"69(1,E9)",96-3,Invalid curve fit,,,,,,,,,,,,3787,,
"70(1,F9)",96-3,Invalid curve fit,,,,,,,,,,,,3249,,
"71(1,G9)",96-4,Invalid curve fit,,,,,,,,,,,,3807,,
"72(1,H9)",96-4,Invalid curve fit,,,,,,,,,,,,2176,,
"73(1,A10)",99-1,Invalid curve fit,,,,,,,,,,,,4363,,
"74(1,B10)",99-1,Invalid curve fit,,,,,,,,,,,,4805,,
"75(1,C10)",99-2,Invalid curve fit,,,,,,,,,,,,4083,,
"76(1,D10)",99-2,Invalid curve fit,,,,,,,,,,,,6353,,
"77(1,E10)",99-3,Invalid curve fit,,,,,,,,,,,,4143,,
"78(1,F10)",99-3,Invalid curve fit,,,,,,,,,,,,4244,,
"79(1,G10)",99-4,Invalid curve fit,,,,,,,,,,,,3042,,
"80(1,H10)",99-4,Invalid curve fit,,,,,,,,,,,,2190,,
"81(1,A11)",101-1,Invalid curve fit,,,,,,,,,,,,4221,,
"82(1,B11)",101-1,Invalid curve fit,,,,,,,,,,,,4609,,
"83(1,C11)",101-2,Invalid curve fit,,,,,,,,,,,,4756,,
"84(1,D11)",101-2,Invalid curve fit,,,,,,,,,,,,6419,,
"85(1,E11)",101-3,Invalid curve fit,,,,,,,,,,,,3733,,
"86(1,F11)",101-3,Invalid curve fit,,,,,,,,,,,,4612,,
"87(1,G11)",101-4,Invalid curve fit,,,,,,,,,,,,2985,,
"88(1,H11)",101-4,Invalid curve fit,,,,,,,,,,,,2394,,
"89(1,A12)",102-1,Invalid curve fit,,,,,,,,,,,,3904,,
"90(1,B12)",102-1,Invalid curve fit,,,,,,,,,,,,4317,,
"91(1,C12)",102-2,Invalid curve fit,,,,,,,,,,,,4779,,
"92(1,D12)",102-2,Invalid curve fit,,,,,,,,,,,,6449,,
"93(1,E12)",102-3,Invalid curve fit,,,,,,,,,,,,3741,,
"94(1,F12)",102-3,Invalid curve fit,,,,,,,,,,,,3680,,
"95(1,G12)",102-4,Invalid curve fit,,,,,,,,,,,,2603,,
"96(1,H12)",102-4,Invalid curve fit,,,,,,,,,,,,1166,,
,,,,,,,,,,,,,,,,
DataType:,Avg Net MFI,,,,,,,,,,,,,,,
Sample,TNF-alpha,IL-6,vWF-A2,MMP-2,IL-10,CCL2/JE/MCP-1,IL-1 beta/IL-1F2,S100A9,Comlement Component C9,ALCAM/CD166,IL-12/IL-23 p40,Cystatin C,,,,
Standard1,5143.25,3624.75,7763.25,12461.5,7448.5,13282.5,4386.75,3000.5,3251.25,7983,5994.5,14851,,,,
Standard2,1657,902.5,2114,6160.75,2037.25,6426.75,1506.5,909.5,1031.5,3357.5,1805,7477.75,,,,
Standard3,664.25,337.5,659.75,1757.25,829.75,2538,597.75,307,400.5,1191,641.25,2156,,,,
Standard4,145.25,201,703,926,514.5,1870,252.5,228.5,166.5,1252.5,227.5,2107.25,,,,
Standard5,76,35,77,54.5,70.5,88.5,52,21.5,45.5,99,45.75,37.5,,,,
Standard6,20.5,9.5,21,13.5,16.25,6.5,12,4,12,23,11,3.5,,,,
Standard7,9,3.5,7,5.25,7.5,0.5,6,1.5,5.5,8.5,4,-0.5,,,,
76-1,21,6,601,11276.5,4.5,362,4.5,192.5,4880,446,3.5,22778.75,,,,
76-2,16.5,6.5,190,9054.75,8,76,7,51,4608.5,258.5,6.5,21659,,,,
76-3,20,15.5,284,10539.25,7.5,256.75,6,88,4521.5,322,6.5,22457,,,,
76-4,14.5,5.5,196.5,10775.25,6,73,6,73.5,4437,318.5,4.5,22385.5,,,,
77-1,18.5,13,186,10844.25,8.5,418.75,6.5,105.5,4479,628.25,6.5,21292.75,,,,
77-2,16.75,8.5,176,11636.75,8,82.5,6,62.5,6976.75,620.5,5.5,25698.25,,,,
77-3,16.5,9.25,200.5,10610.75,7,144.5,5.5,100.5,4865.5,605.75,5,21942.75,,,,
77-4,15.5,7,178,10340.5,6.5,129.75,4,90.5,5296.5,529.5,3.5,21210.25,,,,
79-1,13,7.5,288.75,9782.25,5,94,4,98,5896,747.75,3.5,21030.5,,,,
79-2,12.5,7,211,9204.75,6,37,5.5,82.5,5283.25,477.5,4,19602.5,,,,
79-3,13,6.5,128.5,10128.5,6.25,44,5.75,96,6393.75,585,4,20256,,,,
79-4,12.5,6.5,220,9387,5,96.25,4,103.25,5298.25,615,3,19059,,,,
81-1,10.5,5,191.75,10737.75,4.5,55.5,3.5,139.75,4823.5,640.25,2.5,22914.75,,,,
81-2,4.5,3.25,93.75,8333,8,12,12.5,48.5,4698.75,390.25,5,18939,,,,
81-3,9.5,5,130.75,11051,4.5,58,4,66,5772.25,606,4,23681.5,,,,
81-4,12,6,146.5,9385.5,5.5,42.5,6,77.75,5224,553.75,4,23324.5,,,,
84-1,16,9,321,11193.5,7.5,74.5,6,102.75,5135.75,454,6,20008.5,,,,
84-2,16.5,10,196,10427.25,9.75,62.5,7.5,64,5687.25,387.25,8,21719.5,,,,
84-3,18,8.5,317.25,10919.5,7.5,105,7,104.5,5986.25,676.25,6.5,23957.75,,,,
84-4,25,2621.5,175.75,7186.5,3,124.5,16.5,62.5,NaN,341,28.5,13500.25,,,,
95-1,10.5,734.75,183.25,7835.75,3,64,12.75,51,4635.25,347.5,4,14055.25,,,,
95-2,18,11,152.5,10075.75,11.5,35.25,8,57,6279,763,9,28272.5,,,,
95-3,16,10,230.75,7654.5,7,97,6.25,45,6170,400.5,5.5,24017.25,,,,
95-4,16,10,228.25,10463,7,77,4.5,38.25,6579.25,390.75,4.75,24679,,,,
96-1,11.5,2.5,215.5,5984.5,8,188,6.5,90.5,5155.25,289.5,5.5,22034.25,,,,
96-2,14.5,4,199,6519.5,10.5,199.5,8,74.75,5005.75,222.25,8,22100,,,,
96-3,20,2.5,205.5,5786,6,281,5,63,4974.75,239.5,4.5,21519.25,,,,
96-4,21.5,2,257.5,6912.25,7.75,253,8,82.5,4626.75,257.5,7.5,23833,,,,
99-1,16,7.5,141.5,10738.5,9,83.5,7.5,100.5,4590.75,732.5,5.5,21241.25,,,,
99-2,14,8.5,114,10841,10,51,7.5,62,4883.75,507,5.5,21426,,,,
99-3,17.5,7.5,157,11611,8.75,64.5,6,102,5934.25,774.5,5.5,22644.5,,,,
99-4,15.5,5.75,142.25,11511,7.5,64.5,5,132.25,6098.5,802.5,2,23201.25,,,,
101-1,14,7.75,329.25,10407.5,8.5,129.5,5.5,188,5918.5,621.75,6.25,20772.75,,,,
101-2,14.5,8,250.5,9658,11,110,8,61.25,6655.5,545.5,9.25,21855,,,,
101-3,15.5,7.5,332,7830.25,10.25,46.5,8.5,78,5798.75,414.5,9,20117,,,,
101-4,13,4.5,289.5,11636.75,6,70,5.5,71,6822.5,711.75,3.75,22530.25,,,,
102-1,18.5,16,217.25,8352,11,110.5,7.5,121,6335,1032,7.5,24771.75,,,,
102-2,16,13.75,270.75,8678.5,12.5,22,8.25,108,6493,778.5,8.5,24509.5,,,,
102-3,16,11.5,229.5,9231.75,11,22.5,8.5,127.75,6278,828,9,23628.5,,,,
102-4,12.5,5.5,244.75,8770.5,5,20.5,4.5,136.5,5895.25,947,2.5,23065.5,,,,
,,,,,,,,,,,,,,,,
DataType:,Avg Result,,,,,,,,,,,,,,,
Sample,TNF-alpha,IL-6,vWF-A2,MMP-2,IL-10,CCL2/JE/MCP-1,IL-1 beta/IL-1F2,S100A9,Comlement Component C9,ALCAM/CD166,IL-12/IL-23 p40,Cystatin C,,,,
Standard1,N/A,1103.162459,11634.7381,55907.52073,1583.781256,17230.15414,6601.541483,6717.214365,6848859.737,215894.3305,148529.7823,142297.0577,,,,
Standard2,N/A,294.2489037,3349.048754,19008.77674,297.5312298,2500.459031,1280.097435,1520.053136,1725097.338,59919.53955,37918.64177,45513.1224,,,,
Standard3,N/A,115.7334666,1099.066638,6149.431665,113.0433392,645.3961066,429.5771473,507.8721017,623149.7689,17707.1455,13690.3099,15053.18932,,,,
Standard4,N/A,70.56403526,1158.065239,3745.79097,71.61920336,494.4708766,188.998775,390.1677126,262162.6223,19493.54828,5543.900422,14327.77824,,,,
Standard5,N/A,13.44499902,141.2448955,640.9404327,13.31821322,82.25930072,54.13871768,64.223096,79323.34963,2199.077442,1582.61896,1598.458065,,,,
Standard6,N/A,3.885294888,41.31782093,240.1686206,4.031173876,33.00418081,17.26888662,20.80888094,22583.44585,766.103756,525.0648806,565.9288142,,,,
Standard7,N/A,1.502426549,15.00601839,71.50489266,1.546492405,9.462715942,6.724531434,8.727144016,8468.089488,254.9558878,176.3706416,185.3090103,,,,
76-1,N/A,2.512910127,1005.156602,45155.74428,< 1.41289437585734,157.0152303,< 5.74759945130316,335.7650609,11774930.16,7061.19833,125.2429528,11514482.95,,,,
76-2,N/A,2.711573648,334.2859433,30960.23207,1.723782146,75.47105742,9.368542048,116.3031957,10891193.32,4497.271954,324.5920741,1568604,,,,
76-3,N/A,6.199447362,490.8507943,39757.67584,1.442852303,131.7522447,N/A,177.4619731,10596118.87,5378.126359,329.7056573,3650187.856,,,,
76-4,N/A,2.312561495,345.2287385,41393.10659,0.776983731,76.27570538,N/A,154.5273544,10343483.36,5330.438533,210.9565032,6748099.443,,,,
77-1,N/A,5.244042427,327.5861003,41905.71574,1.931431135,169.7835768,N/A,204.5802058,10468386.04,9554.016609,329.7056573,1012064.541,,,,
77-2,N/A,3.500693781,310.6091694,48512.17365,N/A,74.90858782,N/A,136.5595001,19448326.13,9545.805699,266.0406731,> 135440,,,,
77-3,N/A,3.791050926,351.938435,40267.97617,1.338843416,100.8969169,N/A,196.8822233,11714804.86,9242.845038,240.0356259,1971513.356,,,,
77-4,N/A,2.908806505,314.1169329,38438.22703,1.057913573,96.33669526,< 5.74759945130316,181.3238903,13167109.35,8197.332536,N/A,911608.566,,,,
79-1,N/A,3.107470026,498.6943814,34974.25879,< 1.41289437585734,84.22720897,< 5.74759945130316,192.9844928,15285373.82,11217.7065,125.2429528,822943.3021,,,,
79-2,N/A,2.910237169,369.3168563,31748.05339,N/A,57.67052322,N/A,168.6071132,13117065.82,7497.592658,N/A,474408.8079,,,,
79-3,N/A,2.711573648,230.1451701,37077.73107,N/A,63.18545384,N/A,189.9168638,17146772.35,8957.945686,N/A,558696.0813,,,,
79-4,N/A,2.711573648,384.552597,32730.1085,N/A,85.08022732,< 5.74759945130316,201.1161041,13165970.39,9370.05514,N/A,364843.2343,,,,
81-1,N/A,2.110166227,337.2533507,41130.90332,< 1.41289437585734,68.78240612,< 5.74759945130316,256.65478,11575146.94,9719.06084,N/A,N/A,,,,
81-2,N/A,1.39010886,170.3905074,29707.61874,1.602281535,41.39087252,N/A,113.3902193,11174340.9,6303.822132,245.5423648,N/A,,,,
81-3,N/A,2.10383397,233.9864913,43412.92661,N/A,69.67842862,< 5.74759945130316,142.4643808,14838445.83,9247.620448,159.8288144,> 135440,,,,
81-4,N/A,2.511225016,260.8192991,32724.40143,N/A,62.46737292,N/A,161.3267622,12954433.67,8528.945945,159.8288144,N/A,,,,
84-1,N/A,3.69558817,551.7927243,44500.44113,1.546492405,76.87900977,N/A,200.3479894,12733895.4,7169.799961,300.6265346,613819.2851,,,,
84-2,N/A,4.085492431,344.3166358,39035.9767,2.34307707,69.35819954,10.39489226,139.1113067,14751051.72,6263.938956,403.6417833,N/A,,,,
84-3,N/A,3.500693781,545.6287987,42436.92237,1.546492405,88.08181723,9.368542048,203.0337868,15845818.78,10235.02395,329.7056573,N/A,,,,
84-4,N/A,810.2667774,309.7814733,22552.57402,< 1.41289437585734,94.65731021,22.86103203,136.7569717,NaN,5636.632825,N/A,113276.1007,,,,
95-1,N/A,234.4428644,321.7057511,25703.64836,N/A,72.52598969,16.50861107,117.5724186,10959103.4,5724.961881,176.3706416,470778.95,,,,
95-2,N/A,4.473413032,270.9762297,36757.79613,2.811031973,57.40336156,10.74988953,127.1749245,16786035.89,11719.70367,443.921472,> 135440,,,,
95-3,N/A,4.085492431,402.4958355,24448.41344,1.338843416,85.02361974,7.086860341,107.5260106,16331779.64,6444.030819,266.0406731,> 135440,,,,
95-4,N/A,4.085492431,398.1934274,39247.14266,N/A,77.38632372,N/A,95.71962799,17880275.85,6311.847035,202.2136784,> 135440,,,,
96-1,N/A,1.079699768,377.0430617,18181.11213,1.754141394,113.5156905,8.046536741,181.3632184,12682491.61,4934.152699,274.6214875,1875863.88,,,,
96-2,N/A,1.704821817,349.4013008,20048.52109,2.574874345,113.3572923,11.42124248,156.5447753,12190012.01,3988.055984,402.1585225,2374806.269,,,,
96-3,N/A,1.088878473,360.305065,17517.34671,N/A,137.7556461,< 5.74759945130316,137.5837141,12072861.03,4245.261288,210.9565032,1125578.319,,,,
96-4,N/A,N/A,446.9610133,21498.61677,1.598791309,130.7963253,10.74988953,168.8394515,10935271.24,4494.852375,376.1534753,> 135440,,,,
99-1,N/A,3.107470026,252.3152464,41133.47885,2.108720876,80.38029411,9.955759816,196.8752546,10817533.99,11003.8709,274.6214875,929632.8028,,,,
99-2,N/A,3.500693781,205.2862645,41893.12575,2.376510025,65.34423868,10.39489226,135.9668268,11796173.66,7900.634809,266.0406731,1150803.873,,,,
99-3,N/A,3.107470026,278.6306218,47910.22694,2.022839104,72.57335958,6.724531434,199.154225,15435055.34,11596.66045,274.6214875,10141045.3,,,,
99-4,N/A,2.410311814,253.5846144,47056.4548,1.442852303,72.49889027,N/A,245.3041519,16074878.15,11992.38852,N/A,N/A,,,,
101-1,N/A,3.205610802,565.3316239,38871.73803,1.931431135,95.96260605,N/A,329.0300477,15369934.68,9466.150736,315.6488072,710249.71,,,,
101-2,N/A,3.303460924,435.0690935,34253.78294,2.685212311,84.84942232,11.27776512,134.4433729,18159846.32,8439.709778,456.117523,1563757.945,,,,
101-3,N/A,3.09934316,569.8582275,25191.06872,2.485595504,64.48070341,12.07189484,161.7294388,14932682.4,6633.927718,443.921472,529737.6228,,,,
101-4,N/A,1.909817595,499.9337184,48127.53236,0.776983731,75.05790606,N/A,150.5662451,18823680.52,10713.31985,143.4982297,9866845.716,,,,
102-1,N/A,6.387196477,379.9735356,27515.81337,2.713228997,90.03403998,10.39489226,228.2392711,16928487.3,15318.33672,379.6762439,> 135440,,,,
102-2,N/A,5.531032643,468.9346556,29068.11503,3.091650065,49.82260675,11.87620615,208.2902303,17527901.44,11679.67917,423.4980485,> 135440,,,,
102-3,N/A,4.667326395,400.387759,31920.89061,2.713228997,50.29714307,12.30411534,238.5025278,16705344.91,12365.89004,448.6063405,> 135440,,,,
102-4,N/A,2.312561495,425.7865696,29523.48105,N/A,48.87844131,< 5.74759945130316,251.7315596,15282633.54,14070.75109,N/A,> 135440,,,,
,,,,,,,,,,,,,,,,
DataType:,Avg Range,,,,,,,,,,,,,,,
Sample,TNF-alpha,IL-6,vWF-A2,MMP-2,IL-10,CCL2/JE/MCP-1,IL-1 beta/IL-1F2,S100A9,Comlement Component C9,ALCAM/CD166,IL-12/IL-23 p40,Cystatin C,,,,
Standard1,Invalid curve fit,,,,,,,,,,,,,,,
Standard2,Invalid curve fit,,,,,,,,,,,,,,,
Standard3,Invalid curve fit,,,,,,,,,,,,,,,
Standard4,Invalid curve fit,,,,,,,,,,,,,,,
Standard5,Invalid curve fit,,,,,,,,,,,,,,,
Standard6,Invalid curve fit,,,,,,,,,,,,,,,
Standard7,Invalid curve fit,,,,,,,,,,,,,,,
76-1,Invalid curve fit,,,,,,,,,,,,,,,
76-2,Invalid curve fit,,,,,,,,,,,,,,,
76-3,Invalid curve fit,,,,,,,,,,,,,,,
76-4,Invalid curve fit,,,,,,,,,,,,,,,
77-1,Invalid curve fit,,,,,,,,,,,,,,,
77-2,Invalid curve fit,,,,,,,,,,,,,,,
77-3,Invalid curve fit,,,,,,,,,,,,,,,
77-4,Invalid curve fit,,,,,,,,,,,,,,,
79-1,Invalid curve fit,,,,,,,,,,,,,,,
79-2,Invalid curve fit,,,,,,,,,,,,,,,
79-3,Invalid curve fit,,,,,,,,,,,,,,,
79-4,Invalid curve fit,,,,,,,,,,,,,,,
81-1,Invalid curve fit,,,,,,,,,,,,,,,
81-2,Invalid curve fit,,,,,,,,,,,,,,,
81-3,Invalid curve fit,,,,,,,,,,,,,,,
81-4,Invalid curve fit,,,,,,,,,,,,,,,
84-1,Invalid curve fit,,,,,,,,,,,,,,,
84-2,Invalid curve fit,,,,,,,,,,,,,,,
84-3,Invalid curve fit,,,,,,,,,,,,,,,
84-4,Invalid curve fit,,,,,,,,NaN,,,,,,,
95-1,Invalid curve fit,,,,,,,,,,,,,,,
95-2,Invalid curve fit,,,,,,,,,,,,,,,
95-3,Invalid curve fit,,,,,,,,,,,,,,,
95-4,Invalid curve fit,,,,,,,,,,,,,,,
96-1,Invalid curve fit,,,,,,,,,,,,,,,
96-2,Invalid curve fit,,,,,,,,,,,,,,,
96-3,Invalid curve fit,,,,,,,,,,,,,,,
96-4,Invalid curve fit,,,,,,,,,,,,,,,
99-1,Invalid curve fit,,,,,,,,,,,,,,,
99-2,Invalid curve fit,,,,,,,,,,,,,,,
99-3,Invalid curve fit,,,,,,,,,,,,,,,
99-4,Invalid curve fit,,,,,,,,,,,,,,,
101-1,Invalid curve fit,,,,,,,,,,,,,,,
101-2,Invalid curve fit,,,,,,,,,,,,,,,
101-3,Invalid curve fit,,,,,,,,,,,,,,,
101-4,Invalid curve fit,,,,,,,,,,,,,,,
102-1,Invalid curve fit,,,,,,,,,,,,,,,
102-2,Invalid curve fit,,,,,,,,,,,,,,,
102-3,Invalid curve fit,,,,,,,,,,,,,,,
102-4,Invalid curve fit,,,,,,,,,,,,,,,
,,,,,,,,,,,,,,,,
DataType:,%CV Replicates,,,,,,,,,,,,,,,
Sample,TNF-alpha,IL-6,vWF-A2,MMP-2,IL-10,CCL2/JE/MCP-1,IL-1 beta/IL-1F2,S100A9,Comlement Component C9,ALCAM/CD166,IL-12/IL-23 p40,Cystatin C,,,,
Standard1,NaN,0.083370618,1.137872904,0.633531669,0.266609958,3.769368293,1.31495689,9.768788229,2.968141011,0.978880436,1.814526426,0.411743427,,,,
Standard2,NaN,28.01866894,11.27148453,27.32832454,36.77917471,64.70669456,41.97771981,31.24514133,28.41318258,40.41427609,32.70153086,21.96364085,,,,
Standard3,NaN,2.984855785,1.076636712,0.255870389,2.758531439,2.361863193,2.760465818,2.957982588,3.974676931,3.413824001,1.573674367,2.162100202,,,,
Standard4,NaN,43.58953907,84.61000045,69.00858116,53.17491393,54.49853807,4.185750122,63.10119864,0,84.86931502,0,89.18354164,,,,
Standard5,NaN,3.839423053,12.24021759,1.655729036,14.97371151,0.637155189,1.991539476,2.228265015,2.806476372,2.040754621,0.578670336,0,,,,
Standard6,NaN,35.49125333,6.313907467,8.733562702,18.1665036,28.96207922,33.42818929,24.88122041,30.77574622,29.12783699,32.70418518,0,,,,
Standard7,NaN,19.29597217,0,17.68044858,18.98877848,0,0,60.45500363,0,19.1877495,0,0,,,,
76-1,NaN,0,9.230507329,1.955467424,0,8.673175593,0,9.133877914,13.13059041,0.543621443,57.73216729,42.95722299,,,,
76-2,NaN,10.3612397,8.531834653,1.521066177,31.58088011,30.43058665,0,45.55913752,13.35285128,31.9798764,34.44112776,64.49993002,,,,
76-3,NaN,4.337578536,0.951950516,1.984983749,65.26519474,1.153754156,NaN,3.738726459,1.651745175,1.074383903,11.15440077,29.57103394,,,,
76-4,NaN,12.25203107,0.343722358,0.686550276,0,1.120776318,NaN,8.041049782,12.40056596,1.626706443,23.18572491,105.8514151,,,,
77-1,NaN,10.3473485,2.178494202,3.890421503,12.9813355,14.22332696,NaN,2.656007099,8.59771268,7.308784758,11.15440077,33.52961,,,,
77-2,NaN,7.917658713,19.96230141,16.02869847,NaN,49.12314994,NaN,19.47770501,9.221365864,73.70670011,47.66661169,0,,,,
77-3,NaN,25.48792892,0.336880208,4.732598085,0,3.850739123,NaN,1.662959983,7.831266755,3.845072901,37.50938381,59.05811239,,,,
77-4,NaN,19.24782641,2.276161857,2.617315163,37.5545605,0.81606085,0,9.122900034,7.727263024,0.117760172,NaN,7.464552836,,,,
79-1,NaN,8.976092425,1.521514764,0.99254888,0,4.553281973,0,7.937083361,0.15194549,1.19657126,57.73216729,13.48833607,,,,
79-2,NaN,0,22.4277849,1.722338788,NaN,29.49036327,NaN,19.1791477,4.957345876,38.18023711,NaN,43.14571262,,,,
79-3,NaN,10.3612397,4.725049684,1.625541898,NaN,5.155789384,NaN,3.462795847,3.474743583,6.505163914,NaN,1.876298393,,,,
79-4,NaN,10.3612397,6.141961553,0.888375787,NaN,0.743360609,0,3.518858677,1.765910265,1.664593527,NaN,0.49607147,,,,
81-1,NaN,26.99151749,0.528326103,1.838704955,0,1.879363281,0,4.363189377,6.849248212,3.975489413,NaN,NaN,,,,
81-2,NaN,73.46253986,3.952754557,57.02801191,72.84283826,0,NaN,13.79653166,10.08187209,28.57206208,0,NaN,,,,
81-3,NaN,54.20705039,5.418074602,1.288047303,NaN,10.50165226,0,8.044022715,3.755517886,9.056061799,75.84193502,0,,,,
81-4,NaN,22.47064259,2.303413938,1.942503097,NaN,1.177355394,NaN,3.128286029,18.70829112,3.347153851,75.84193502,NaN,,,,
84-1,NaN,14.95824882,5.896933575,0.320709144,18.98877848,0.734635098,NaN,2.990153928,31.71372213,1.60673537,25.91280911,62.4331096,,,,
84-2,NaN,13.45877406,13.78787267,5.538927351,14.1450622,34.41415411,13.96338084,14.90259387,38.69352151,17.54015656,0,NaN,,,,
84-3,NaN,7.917658713,5.859990611,1.538373261,18.98877848,5.82637612,0,4.821367172,37.88228227,24.85170107,11.15440077,NaN,,,,
84-4,NaN,24.95370272,39.47531777,0.688420727,0,0,24.41840846,9.290564545,0,0,NaN,1.982280641,,,,
95-1,NaN,139.4278831,58.35193758,29.81965986,NaN,2.919703087,83.81551941,16.24201251,0.57008965,0,0,129.02944,,,,
95-2,NaN,12.23261059,10.18155663,3.396793368,35.33285601,22.88555427,52.956042,29.57484491,21.36256523,91.78007,28.10156112,0,,,,
95-3,NaN,13.45877406,4.245744361,1.717120882,0,12.22439095,45.53194305,2.266096914,14.28147848,11.75754969,47.66661169,0,,,,
95-4,NaN,13.45877406,17.91692281,2.564977882,NaN,14.87766205,NaN,3.281413894,10.67115544,4.329754581,89.58766615,0,,,,
96-1,NaN,82.22042659,4.075338181,0.657408216,0,5.378600633,23.23481387,4.255538125,6.877427335,6.081831729,14.97482592,25.50065666,,,,
96-2,NaN,33.7946134,7.467736121,2.057280728,8.089971303,40.66349244,0,5.399616605,12.02754503,36.47192946,16.3336422,59.68425648,,,,
96-3,NaN,27.08635501,5.588185972,0.040042609,NaN,5.44764715,0,8.384934639,5.101598842,7.16574524,23.18572491,1.956964639,,,,
96-4,NaN,NaN,6.561354741,2.432273504,45.10590625,2.059628445,52.956042,0.65960025,5.884463259,1.085029891,27.2398984,0,,,,
99-1,NaN,8.976092425,3.338402369,1.0680775,0,1.337022942,45.89953037,3.880519007,3.312730618,3.335013074,14.97482592,7.27452605,,,,
99-2,NaN,7.917658713,10.64889521,4.881828587,37.03591188,24.96671296,13.96338084,6.802895144,15.87086375,33.71968347,47.66661169,43.00956245,,,,
99-3,NaN,8.976092425,4.299683157,3.304248525,6.004193119,9.168500834,0,8.758188275,8.012245071,7.148239425,14.97482592,93.73809735,,,,
99-4,NaN,29.33235495,5.930315953,1.725707544,65.26519474,10.86310262,NaN,8.503604058,16.41011384,5.606322366,NaN,NaN,,,,
101-1,NaN,13.03094557,7.289587662,0.913984872,12.9813355,11.75991595,NaN,10.9301098,3.937207528,11.90709958,17.94908681,4.286079114,,,,
101-2,NaN,16.83393207,24.57058045,1.768564846,30.36191972,48.57235978,23.94134952,22.01024258,4.097176413,43.78318991,23.56871589,28.94274641,,,,
101-3,NaN,45.04222287,5.701794669,0.439222334,21.44279749,3.275113624,31.66957824,0,2.011904783,4.769920189,28.10156112,9.64544927,,,,
101-4,NaN,14.98730215,0.233472899,3.038003769,0,0.386826247,NaN,1.506861865,6.769422594,3.55263632,68.37877473,108.5432113,,,,
102-1,NaN,16.81558754,1.710285642,0.083336678,14.88888783,0.531212367,13.96338084,8.482890469,6.715966984,5.465772647,8.926655653,0,,,,
102-2,NaN,12.22873388,3.120232153,1.043601601,30.37658883,9.447614958,5.417687932,15.63217696,3.561865856,26.6302546,22.63665243,0,,,,
102-3,NaN,5.848750769,8.538361385,6.230254198,14.88888783,6.138254997,10.1475867,6.516188872,2.000725858,16.14230014,0,0,,,,
102-4,NaN,12.25203107,6.764519601,2.464817538,NaN,2.211649166,0,8.060091748,0.042211654,6.441139512,NaN,0,,,,
,,,,,,,,,,,,,,,,
DataType:,% Recovery,,,,,,,,,,,,,,,
Location,Sample,TNF-alpha,IL-6,vWF-A2,MMP-2,IL-10,CCL2/JE/MCP-1,IL-1 beta/IL-1F2,S100A9,Comlement Component C9,ALCAM/CD166,IL-12/IL-23 p40,Cystatin C,,,
"1(1,A1)",Standard1,0,111.36,109.1,102.14,154.06,263.24,156.09,125.57,122.52,121.23,119.85,104.76,,,
"2(1,B1)",Standard1,0,111.5,107.36,103.06,153.48,249.57,159.02,144.2,117.49,122.92,122.97,105.37,,,
"3(1,C1)",Standard2,0,106.83,100.91,124.88,109.2,162.7,118.86,111.8,108.9,130.68,114.48,116.47,,,
"4(1,D1)",Standard2,0,71.5,86.01,84.43,64.12,60.55,64.45,71.34,72.46,72.59,71.48,85.15,,,
"5(1,E1)",Standard3,0,102.99,91.31,101.39,96.85,84.99,90.47,89.86,95.51,87.93,99.59,98.5,,,
"6(1,F1)",Standard3,0,107.43,92.72,101.75,100.7,87.88,94.07,93.7,101.03,92.28,101.83,101.56,,,
"7(1,G1)",Standard4,0,251.76,464.88,276.17,258.33,275.23,118.18,305.92,NaN,476.19,NaN,465.75,,,
"8(1,H1)",Standard4,0,133.13,116.84,95.04,117.15,122.11,125.39,117.15,124.03,119,122.35,105.5,,,
"9(1,A2)",Standard5,0,112.99,97.22,96.39,93.65,99.6,106.13,102.81,110.35,102.17,105.21,95.6,,,
"10(1,B2)",Standard5,0,107.02,115.64,94.16,115.82,98.71,103.19,106.11,114.82,99.26,104.35,95.6,,,
"11(1,C2)",Standard6,0,119.3,97.57,113.72,107.32,143.79,123.82,119.4,117.08,126.94,128.41,101.54,,,
"12(1,D2)",Standard6,0,71.43,89.23,100.49,82.89,94.9,76.48,83.67,75.23,83.58,80.17,101.54,,,
"13(1,E2)",Standard7,0,125.73,101.76,83.7,124.15,102.65,117,73.14,108.17,119.35,105.1,99.74,,,
"14(1,F2)",Standard7,0,95.54,101.76,107.62,94.76,102.65,117,182.36,108.17,90.83,105.1,99.74,,,
,,,,,,,,,,,,,,,,
DataType:,Comments,,,,,,,,,,,,,,,
Location,Sample,TNF-alpha,IL-6,vWF-A2,MMP-2,IL-10,CCL2/JE/MCP-1,IL-1 beta/IL-1F2,S100A9,Comlement Component C9,ALCAM/CD166,IL-12/IL-23 p40,Cystatin C,,,
"1(1,A1)",Standard1,Invalid curve fit,,Extrapolated,,Extrapolated,Extrapolated,,,Extrapolated,,,,,,
"2(1,B1)",Standard1,Invalid curve fit,Extrapolated,,Extrapolated,,,Extrapolated,Extrapolated,,Extrapolated,Extrapolated,Extrapolated,,,
"3(1,C1)",Standard2,Invalid curve fit,,,,,,,,,,,,,,
"4(1,D1)",Standard2,Invalid curve fit,,,,,,,,,,,,,,
"5(1,E1)",Standard3,Invalid curve fit,,,,,,,,,,,,,,
"6(1,F1)",Standard3,Invalid curve fit,,,,,,,,,,,,,,
"7(1,G1)",Standard4,Invalid curve fit,,,,,,,,,,,,,,
"8(1,H1)",Standard4,Invalid curve fit,,,,,,,,,,,,,,
"9(1,A2)",Standard5,Invalid curve fit,,,,,,,,,,,,,,
"10(1,B2)",Standard5,Invalid curve fit,,,,,,,,,,,,,,
"11(1,C2)",Standard6,Invalid curve fit,,,,,,,,,,,,,,
"12(1,D2)",Standard6,Invalid curve fit,,,,,,,,,,,,,,
"13(1,E2)",Standard7,Invalid curve fit,,,Extrapolated,,,,Extrapolated,,,,,,,
"14(1,F2)",Standard7,Invalid curve fit,Extrapolated,,,Extrapolated,,,,,Extrapolated,,,,,
"15(1,G2)",Background0,,,,,,,,,,,,,,,
"16(1,H2)",Background0,,,,,,,,,,,,,,,
"17(1,A3)",76-1,Invalid curve fit,,,,,,,,Extrapolated,,Extrapolated,Extrapolated,,,
"18(1,B3)",76-1,Invalid curve fit,,,,,,,,Extrapolated,,,Extrapolated,,,
"19(1,C3)",76-2,Invalid curve fit,,,,Extrapolated,,,,Extrapolated,,,Extrapolated,,,
"20(1,D3)",76-2,Invalid curve fit,,,,,,,,Extrapolated,,,Extrapolated,,,
"21(1,E3)",76-3,Invalid curve fit,,,,,,,,Extrapolated,,,Extrapolated,,,
"22(1,F3)",76-3,Invalid curve fit,,,,Extrapolated,,,,Extrapolated,,,Extrapolated,,,
"23(1,G3)",76-4,Invalid curve fit,,,,Extrapolated,,,,Extrapolated,,,Extrapolated,,,
"24(1,H3)",76-4,Invalid curve fit,,,,Extrapolated,,,,Extrapolated,,,Extrapolated,,,
"25(1,A4)",77-1,Invalid curve fit,,,,,,,,Extrapolated,,,Extrapolated,,,
"26(1,B4)",77-1,Invalid curve fit,,,,,,,,Extrapolated,,,Extrapolated,,,
"27(1,C4)",77-2,Invalid curve fit,,,,,,,,Extrapolated,,,,,,
"28(1,D4)",77-2,Invalid curve fit,,,,,,,,Extrapolated,,,,,,
"29(1,E4)",77-3,Invalid curve fit,,,,Extrapolated,,,,Extrapolated,,,Extrapolated,,,
"30(1,F4)",77-3,Invalid curve fit,,,,Extrapolated,,,,Extrapolated,,,Extrapolated,,,
"31(1,G4)",77-4,Invalid curve fit,,,,Extrapolated,,,,Extrapolated,,,Extrapolated,,,
"32(1,H4)",77-4,Invalid curve fit,,,,Extrapolated,,,,Extrapolated,,,Extrapolated,,,
"33(1,A5)",79-1,Invalid curve fit,,,,,,,,Extrapolated,,Extrapolated,Extrapolated,,,
"34(1,B5)",79-1,Invalid curve fit,,,,,,,,Extrapolated,,,Extrapolated,,,
"35(1,C5)",79-2,Invalid curve fit,,,,,,,,Extrapolated,,,Extrapolated,,,
"36(1,D5)",79-2,Invalid curve fit,,,,Extrapolated,,,,Extrapolated,,,Extrapolated,,,
"37(1,E5)",79-3,Invalid curve fit,,,,,,,,Extrapolated,,,Extrapolated,,,
"38(1,F5)",79-3,Invalid curve fit,,,,,,,,Extrapolated,,,Extrapolated,,,
"39(1,G5)",79-4,Invalid curve fit,,,,Extrapolated,,,,Extrapolated,,,Extrapolated,,,
"40(1,H5)",79-4,Invalid curve fit,,,,,,,,Extrapolated,,,Extrapolated,,,
"41(1,A6)",81-1,Invalid curve fit,,,,,,,,Extrapolated,,Extrapolated,Extrapolated,,,
"42(1,B6)",81-1,Invalid curve fit,,,,,,,,Extrapolated,,,,,,
"43(1,C6)",81-2,Invalid curve fit,Extrapolated,,,,,,,Extrapolated,,,,,,
"44(1,D6)",81-2,Invalid curve fit,,,,Extrapolated,,,,Extrapolated,,,,,,
"45(1,E6)",81-3,Invalid curve fit,Extrapolated,,,,,,,Extrapolated,,Extrapolated,,,,
"46(1,F6)",81-3,Invalid curve fit,,,,Extrapolated,,,,Extrapolated,,,,,,
"47(1,G6)",81-4,Invalid curve fit,,,,Extrapolated,,,,Extrapolated,,,,,,
"48(1,H6)",81-4,Invalid curve fit,,,,,,,,Extrapolated,,Extrapolated,Extrapolated,,,
"49(1,A7)",84-1,Invalid curve fit,,,,Extrapolated,,,,Extrapolated,,,Extrapolated,,,
"50(1,B7)",84-1,Invalid curve fit,,,,,,,,Extrapolated,,,Extrapolated,,,
"51(1,C7)",84-2,Invalid curve fit,,,,,,,,Extrapolated,,,Extrapolated,,,
"52(1,D7)",84-2,Invalid curve fit,,,,,,,,Extrapolated,,,,,,
"53(1,E7)",84-3,Invalid curve fit,,,,Extrapolated,,,,Extrapolated,,,Extrapolated,,,
"54(1,F7)",84-3,Invalid curve fit,,,,,,,,Extrapolated,,,,,,
"55(1,G7)",84-4,Invalid curve fit,,,,,,,,,,,,,,
"56(1,H7)",84-4,Invalid curve fit,,,,,,,,,,,,,,
"57(1,A8)",95-1,Invalid curve fit,,,,,,,,Extrapolated,,,,,,
"58(1,B8)",95-1,Invalid curve fit,,,,Extrapolated,,,,Extrapolated,,,Extrapolated,,,
"59(1,C8)",95-2,Invalid curve fit,,,,,,,,Extrapolated,,,,,,
"60(1,D8)",95-2,Invalid curve fit,,,,,,,,Extrapolated,,,,,,
"61(1,E8)",95-3,Invalid curve fit,,,,Extrapolated,,,,Extrapolated,,,,,,
"62(1,F8)",95-3,Invalid curve fit,,,,Extrapolated,,Extrapolated,,Extrapolated,,,,,,
"63(1,G8)",95-4,Invalid curve fit,,,,,,,,Extrapolated,,,,,,
"64(1,H8)",95-4,Invalid curve fit,,,,,,,,Extrapolated,,Extrapolated,,,,
"65(1,A9)",96-1,Invalid curve fit,Extrapolated,,,,,,,Extrapolated,,,Extrapolated,,,
"66(1,B9)",96-1,Invalid curve fit,,,,,,,,Extrapolated,,,Extrapolated,,,
"67(1,C9)",96-2,Invalid curve fit,Extrapolated,,,,,,,Extrapolated,,,Extrapolated,,,
"68(1,D9)",96-2,Invalid curve fit,,,,,,,,Extrapolated,,,Extrapolated,,,
"69(1,E9)",96-3,Invalid curve fit,Extrapolated,,,Extrapolated,,,,Extrapolated,,,Extrapolated,,,
"70(1,F9)",96-3,Invalid curve fit,Extrapolated,,,,,,,Extrapolated,,,Extrapolated,,,
"71(1,G9)",96-4,Invalid curve fit,,,,,,,,Extrapolated,,,,,,
"72(1,H9)",96-4,Invalid curve fit,,,,Extrapolated,,,,Extrapolated,,,,,,
"73(1,A10)",99-1,Invalid curve fit,,,,,,,,Extrapolated,,,Extrapolated,,,
"74(1,B10)",99-1,Invalid curve fit,,,,,,,,Extrapolated,,,Extrapolated,,,
"75(1,C10)",99-2,Invalid curve fit,,,,,,,,Extrapolated,,,Extrapolated,,,
"76(1,D10)",99-2,Invalid curve fit,,,,,,,,Extrapolated,,,Extrapolated,,,
"77(1,E10)",99-3,Invalid curve fit,,,,,,,,Extrapolated,,,Extrapolated,,,
"78(1,F10)",99-3,Invalid curve fit,,,,,,,,Extrapolated,,,Extrapolated,,,
"79(1,G10)",99-4,Invalid curve fit,,,,,,,,Extrapolated,,Extrapolated,,,,
"80(1,H10)",99-4,Invalid curve fit,,,,Extrapolated,,,,Extrapolated,,,Extrapolated,,,
"81(1,A11)",101-1,Invalid curve fit,,,,,,,,Extrapolated,,,Extrapolated,,,
"82(1,B11)",101-1,Invalid curve fit,,,,,,,,Extrapolated,,,Extrapolated,,,
"83(1,C11)",101-2,Invalid curve fit,,,,,,,,Extrapolated,,,Extrapolated,,,
"84(1,D11)",101-2,Invalid curve fit,,,,,,,,Extrapolated,,,Extrapolated,,,
"85(1,E11)",101-3,Invalid curve fit,,,,,,,,Extrapolated,,,Extrapolated,,,
"86(1,F11)",101-3,Invalid curve fit,,,,,,,,Extrapolated,,,Extrapolated,,,
"87(1,G11)",101-4,Invalid curve fit,,,,Extrapolated,,,,Extrapolated,,,Extrapolated,,,
"88(1,H11)",101-4,Invalid curve fit,,,,Extrapolated,,,,Extrapolated,,Extrapolated,Extrapolated,,,
"89(1,A12)",102-1,Invalid curve fit,,,,,,,,Extrapolated,,,,,,
"90(1,B12)",102-1,Invalid curve fit,,,,,,,,Extrapolated,,,,,,
"91(1,C12)",102-2,Invalid curve fit,,,,,,,,Extrapolated,,,,,,
"92(1,D12)",102-2,Invalid curve fit,,,,,,,,Extrapolated,,,,,,
"93(1,E12)",102-3,Invalid curve fit,,,,,,,,Extrapolated,,,,,,
"94(1,F12)",102-3,Invalid curve fit,,,,,,,,Extrapolated,,,,,,
"95(1,G12)",102-4,Invalid curve fit,,,,Extrapolated,,,,Extrapolated,,Extrapolated,,,,
"96(1,H12)",102-4,Invalid curve fit,,,,,,,,Extrapolated,,,,,,
,,,,,,,,,,,,,,,,
DataType:,Units,,,,,,,,,,,,,,,
Analyte:,TNF-alpha,IL-6,vWF-A2,MMP-2,IL-10,CCL2/JE/MCP-1,IL-1 beta/IL-1F2,S100A9,Comlement Component C9,ALCAM/CD166,IL-12/IL-23 p40,Cystatin C,,,,
BeadID:,12,13,15,20,22,25,28,46,47,52,67,75,,,,
Units:,pg/mL,pg/mL,pg/mL,pg/mL,pg/mL,pg/mL,pg/mL,pg/mL,pg/mL,pg/mL,pg/mL,pg/mL,,,,
,,,,,,,,,,,,,,,,
DataType:,Standard Expected Concentration,,,,,,,,,,,,,,,
Reagent,TNF-alpha,IL-6,vWF-A2,MMP-2,IL-10,CCL2/JE/MCP-1,IL-1 beta/IL-1F2,S100A9,Comlement Component C9,ALCAM/CD166,IL-12/IL-23 p40,Cystatin C,,,,
Standard1,1920,990,10750,54490,1030,6720,4190,4980,5707130,176860,122340,135440,,,,
Standard2,640,330,3583.333333,18163.33333,343.3333333,2240,1396.666667,1660,1902376.667,58953.33333,40780,45146.66667,,,,
Standard3,213.3333333,110,1194.444444,6054.444444,114.4444444,746.6666667,465.5555556,553.3333333,634125.5556,19651.11111,13593.33333,15048.88889,,,,
Standard4,71.11111111,36.66666667,398.1481481,2018.148148,38.14814815,248.8888889,155.1851852,184.4444444,211375.1852,6550.37037,4531.111111,5016.296296,,,,
Standard5,23.7037037,12.22222222,132.7160494,672.7160494,12.71604938,82.96296296,51.72839506,61.48148148,70458.39506,2183.45679,1510.37037,1672.098765,,,,
Standard6,7.901234568,4.074074074,44.23868313,224.2386831,4.238683128,27.65432099,17.24279835,20.49382716,23486.13169,727.81893,503.4567901,557.3662551,,,,
Standard7,2.633744856,1.358024691,14.74622771,74.74622771,1.412894376,9.218106996,5.747599451,6.83127572,7828.710562,242.60631,167.81893,185.7887517,,,,
,,,,,,,,,,,,,,,,
DataType:,Control Expected Concentration,,,,,,,,,,,,,,,
Reagent,TNF-alpha,IL-6,vWF-A2,MMP-2,IL-10,CCL2/JE/MCP-1,IL-1 beta/IL-1F2,S100A9,Comlement Component C9,ALCAM/CD166,IL-12/IL-23 p40,Cystatin C,,,,
,,,,,,,,,,,,,,,,
DataType:,Control Range - Low,,,,,,,,,,,,,,,
Reagent,TNF-alpha,IL-6,vWF-A2,MMP-2,IL-10,CCL2/JE/MCP-1,IL-1 beta/IL-1F2,S100A9,Comlement Component C9,ALCAM/CD166,IL-12/IL-23 p40,Cystatin C,,,,
,,,,,,,,,,,,,,,,
DataType:,Control Range - High,,,,,,,,,,,,,,,
Reagent,TNF-alpha,IL-6,vWF-A2,MMP-2,IL-10,CCL2/JE/MCP-1,IL-1 beta/IL-1F2,S100A9,Comlement Component C9,ALCAM/CD166,IL-12/IL-23 p40,Cystatin C,,,,
,,,,,,,,,,,,,,,,
DataType:,Per Bead Count,,,,,,,,,,,,,,,
Analyte:,TNF-alpha,IL-6,vWF-A2,MMP-2,IL-10,CCL2/JE/MCP-1,IL-1 beta/IL-1F2,S100A9,Comlement Component C9,ALCAM/CD166,IL-12/IL-23 p40,Cystatin C,,,,
BeadID:,12,13,15,20,22,25,28,46,47,52,67,75,,,,
Per Bead:,50,50,50,50,50,50,50,50,50,50,50,50,,,,
,,,,,,,,,,,,,,,,
DataType:,Dilution Factor,,,,,,,,,,,,,,,
Location,Sample,Dilution Factor,,,,,,,,,,,,,,
"1(1,A1)",Standard1,,,,,,,,,,,,,,,
"2(1,B1)",Standard1,,,,,,,,,,,,,,,
"3(1,C1)",Standard2,,,,,,,,,,,,,,,
"4(1,D1)",Standard2,,,,,,,,,,,,,,,
"5(1,E1)",Standard3,,,,,,,,,,,,,,,
"6(1,F1)",Standard3,,,,,,,,,,,,,,,
"7(1,G1)",Standard4,,,,,,,,,,,,,,,
"8(1,H1)",Standard4,,,,,,,,,,,,,,,
"9(1,A2)",Standard5,,,,,,,,,,,,,,,
"10(1,B2)",Standard5,,,,,,,,,,,,,,,
"11(1,C2)",Standard6,,,,,,,,,,,,,,,
"12(1,D2)",Standard6,,,,,,,,,,,,,,,
"13(1,E2)",Standard7,,,,,,,,,,,,,,,
"14(1,F2)",Standard7,,,,,,,,,,,,,,,
"15(1,G2)",Background0,,,,,,,,,,,,,,,
"16(1,H2)",Background0,,,,,,,,,,,,,,,
"17(1,A3)",76-1,1,,,,,,,,,,,,,,
"18(1,B3)",76-1,1,,,,,,,,,,,,,,
"19(1,C3)",76-2,1,,,,,,,,,,,,,,
"20(1,D3)",76-2,1,,,,,,,,,,,,,,
"21(1,E3)",76-3,1,,,,,,,,,,,,,,
"22(1,F3)",76-3,1,,,,,,,,,,,,,,
"23(1,G3)",76-4,1,,,,,,,,,,,,,,
"24(1,H3)",76-4,1,,,,,,,,,,,,,,
"25(1,A4)",77-1,1,,,,,,,,,,,,,,
"26(1,B4)",77-1,1,,,,,,,,,,,,,,
"27(1,C4)",77-2,1,,,,,,,,,,,,,,
"28(1,D4)",77-2,1,,,,,,,,,,,,,,
"29(1,E4)",77-3,1,,,,,,,,,,,,,,
"30(1,F4)",77-3,1,,,,,,,,,,,,,,
"31(1,G4)",77-4,1,,,,,,,,,,,,,,
"32(1,H4)",77-4,1,,,,,,,,,,,,,,
"33(1,A5)",79-1,1,,,,,,,,,,,,,,
"34(1,B5)",79-1,1,,,,,,,,,,,,,,
"35(1,C5)",79-2,1,,,,,,,,,,,,,,
"36(1,D5)",79-2,1,,,,,,,,,,,,,,
"37(1,E5)",79-3,1,,,,,,,,,,,,,,
"38(1,F5)",79-3,1,,,,,,,,,,,,,,
"39(1,G5)",79-4,1,,,,,,,,,,,,,,
"40(1,H5)",79-4,1,,,,,,,,,,,,,,
"41(1,A6)",81-1,1,,,,,,,,,,,,,,
"42(1,B6)",81-1,1,,,,,,,,,,,,,,
"43(1,C6)",81-2,1,,,,,,,,,,,,,,
"44(1,D6)",81-2,1,,,,,,,,,,,,,,
"45(1,E6)",81-3,1,,,,,,,,,,,,,,
"46(1,F6)",81-3,1,,,,,,,,,,,,,,
"47(1,G6)",81-4,1,,,,,,,,,,,,,,
"48(1,H6)",81-4,1,,,,,,,,,,,,,,
"49(1,A7)",84-1,1,,,,,,,,,,,,,,
"50(1,B7)",84-1,1,,,,,,,,,,,,,,
"51(1,C7)",84-2,1,,,,,,,,,,,,,,
"52(1,D7)",84-2,1,,,,,,,,,,,,,,
"53(1,E7)",84-3,1,,,,,,,,,,,,,,
"54(1,F7)",84-3,1,,,,,,,,,,,,,,
"55(1,G7)",84-4,1,,,,,,,,,,,,,,
"56(1,H7)",84-4,1,,,,,,,,,,,,,,
"57(1,A8)",95-1,1,,,,,,,,,,,,,,
"58(1,B8)",95-1,1,,,,,,,,,,,,,,
"59(1,C8)",95-2,1,,,,,,,,,,,,,,
"60(1,D8)",95-2,1,,,,,,,,,,,,,,
"61(1,E8)",95-3,1,,,,,,,,,,,,,,
"62(1,F8)",95-3,1,,,,,,,,,,,,,,
"63(1,G8)",95-4,1,,,,,,,,,,,,,,
"64(1,H8)",95-4,1,,,,,,,,,,,,,,
"65(1,A9)",96-1,1,,,,,,,,,,,,,,
"66(1,B9)",96-1,1,,,,,,,,,,,,,,
"67(1,C9)",96-2,1,,,,,,,,,,,,,,
"68(1,D9)",96-2,1,,,,,,,,,,,,,,
"69(1,E9)",96-3,1,,,,,,,,,,,,,,
"70(1,F9)",96-3,1,,,,,,,,,,,,,,
"71(1,G9)",96-4,1,,,,,,,,,,,,,,
"72(1,H9)",96-4,1,,,,,,,,,,,,,,
"73(1,A10)",99-1,1,,,,,,,,,,,,,,
"74(1,B10)",99-1,1,,,,,,,,,,,,,,
"75(1,C10)",99-2,1,,,,,,,,,,,,,,
"76(1,D10)",99-2,1,,,,,,,,,,,,,,
"77(1,E10)",99-3,1,,,,,,,,,,,,,,
"78(1,F10)",99-3,1,,,,,,,,,,,,,,
"79(1,G10)",99-4,1,,,,,,,,,,,,,,
"80(1,H10)",99-4,1,,,,,,,,,,,,,,
"81(1,A11)",101-1,1,,,,,,,,,,,,,,
"82(1,B11)",101-1,1,,,,,,,,,,,,,,
"83(1,C11)",101-2,1,,,,,,,,,,,,,,
"84(1,D11)",101-2,1,,,,,,,,,,,,,,
"85(1,E11)",101-3,1,,,,,,,,,,,,,,
"86(1,F11)",101-3,1,,,,,,,,,,,,,,
"87(1,G11)",101-4,1,,,,,,,,,,,,,,
"88(1,H11)",101-4,1,,,,,,,,,,,,,,
"89(1,A12)",102-1,1,,,,,,,,,,,,,,
"90(1,B12)",102-1,1,,,,,,,,,,,,,,
"91(1,C12)",102-2,1,,,,,,,,,,,,,,
"92(1,D12)",102-2,1,,,,,,,,,,,,,,
"93(1,E12)",102-3,1,,,,,,,,,,,,,,
"94(1,F12)",102-3,1,,,,,,,,,,,,,,
"95(1,G12)",102-4,1,,,,,,,,,,,,,,
"96(1,H12)",102-4,1,,,,,,,,,,,,,,
,,,,,,,,,,,,,,,,
,,,,,,,,,,,,,,,,
DataType:,Analysis Types,,,,,,,,,,,,,,,
Analyte:,TNF-alpha,IL-6,vWF-A2,MMP-2,IL-10,CCL2/JE/MCP-1,IL-1 beta/IL-1F2,S100A9,Comlement Component C9,ALCAM/CD166,IL-12/IL-23 p40,Cystatin C,,,,
AnalysisType,Logistic 5P Weighted,Logistic 5P Weighted,Logistic 5P Weighted,Logistic 5P Weighted,Logistic 5P Weighted,Logistic 5P Weighted,Logistic 5P Weighted,Logistic 5P Weighted,Logistic 5P Weighted,Logistic 5P Weighted,Logistic 5P Weighted,Logistic 5P Weighted,,,,
,,,,,,,,,,,,,,,,
DataType:,Analysis Coefficients,,,,,,,,,,,,,,,
Analyte:,TNF-alpha,IL-6,vWF-A2,MMP-2,IL-10,CCL2/JE/MCP-1,IL-1 beta/IL-1F2,S100A9,Comlement Component C9,ALCAM/CD166,IL-12/IL-23 p40,Cystatin C,,,,
Coefficient A,,0.017398853,-0.444151968,4.086526999,5.485510757,0.491734954,5.098560909,0.832902905,3.278325745,6.868214276,2.76478575,-0.905408855,,,,
Coefficient B,,8155570633,121864750.9,19936.24317,532142.8296,21112.03372,47062.90387,143668.6404,2249541.314,119753.6505,1630073.101,22952.52363,,,,
Coefficient C,,1189523853,120939969,19348.43875,5.66E-05,0.008313427,0.001006353,0.005234921,397.4628542,0.007398698,0.418780167,28725.17842,,,,
Coefficient D,,-1.320697732,-1.860171443,-1.050853921,-0.163297127,-0.463443135,-0.227985716,-0.187632236,-0.133149105,-0.216530763,-0.152417376,-0.964168255,,,,
Coefficient F,,0.797269407,0.561540695,1.657316842,72.32878326,392.1706523,86.22158275,56.0645443,27.10873061,113.3486595,42.05419641,2.2470204,,,,
,,,,,,,,,,,,,,,,
DataType:,R^2,,,,,,,,,,,,,,,
Analyte:,TNF-alpha,IL-6,vWF-A2,MMP-2,IL-10,CCL2/JE/MCP-1,IL-1 beta/IL-1F2,S100A9,Comlement Component C9,ALCAM/CD166,IL-12/IL-23 p40,Cystatin C,,,,
Value,,0.906808335,0.925654702,0.929595413,0.906553208,0.874909398,0.944648029,0.892789281,0.960572057,0.904394367,0.954983644,0.929198752,,,,
,,,,,,,,,,,,,,,,
DataType:,Audit Logs,,,,,,,,,,,,,,,
UserId,Date,Message,,,,,,,,,,,,,,
,12/21/2021 18:03,"Batch 'spakowicz_12', Well '1,A1' set to be reacquired.",,,,,,,,,,,,,,
,12/21/2021 18:03,"Batch 'spakowicz_12', Well '1,B1' set to be reacquired.",,,,,,,,,,,,,,
,12/21/2021 18:03,"Batch 'spakowicz_12', Well '1,C1' set to be reacquired.",,,,,,,,,,,,,,
,12/21/2021 18:03,"Batch 'spakowicz_12', Well '1,D1' set to be reacquired.",,,,,,,,,,,,,,
,12/21/2021 18:03,"Batch 'spakowicz_12', Well '1,E1' set to be reacquired.",,,,,,,,,,,,,,
,12/21/2021 18:03,"Batch 'spakowicz_12', Well '1,F1' set to be reacquired.",,,,,,,,,,,,,,
,12/21/2021 18:03,"Batch 'spakowicz_12', Well '1,G1' set to be reacquired.",,,,,,,,,,,,,,
,12/21/2021 18:03,"Batch 'spakowicz_12', Well '1,H1' set to be reacquired.",,,,,,,,,,,,,,
,12/21/2021 18:03,"Batch 'spakowicz_12', Well '1,A2' set to be reacquired.",,,,,,,,,,,,,,
,12/21/2021 18:03,"Batch 'spakowicz_12', Well '1,B2' set to be reacquired.",,,,,,,,,,,,,,
,12/21/2021 18:03,"Batch 'spakowicz_12', Well '1,C2' set to be reacquired.",,,,,,,,,,,,,,
,12/21/2021 18:03,"Batch 'spakowicz_12', Well '1,D2' set to be reacquired.",,,,,,,,,,,,,,
,12/21/2021 18:03,"Batch 'spakowicz_12', Well '1,E2' set to be reacquired.",,,,,,,,,,,,,,
,12/21/2021 18:03,"Batch 'spakowicz_12', Well '1,F2' set to be reacquired.",,,,,,,,,,,,,,
,12/21/2021 18:03,"Batch 'spakowicz_12', Well '1,G2' set to be reacquired.",,,,,,,,,,,,,,
,12/21/2021 18:03,"Batch 'spakowicz_12', Well '1,H2' set to be reacquired.",,,,,,,,,,,,,,
,12/21/2021 18:03,"Batch 'spakowicz_12', Well '1,A3' set to be reacquired.",,,,,,,,,,,,,,
,12/21/2021 18:03,"Batch 'spakowicz_12', Well '1,B3' set to be reacquired.",,,,,,,,,,,,,,
,12/21/2021 18:03,"Batch 'spakowicz_12', Well '1,C3' set to be reacquired.",,,,,,,,,,,,,,
,12/21/2021 18:03,"Batch 'spakowicz_12', Well '1,D3' set to be reacquired.",,,,,,,,,,,,,,
,12/21/2021 18:03,"Batch 'spakowicz_12', Well '1,E3' set to be reacquired.",,,,,,,,,,,,,,
,12/21/2021 18:03,"Batch 'spakowicz_12', Well '1,F3' set to be reacquired.",,,,,,,,,,,,,,
,12/21/2021 18:03,"Batch 'spakowicz_12', Well '1,G3' set to be reacquired.",,,,,,,,,,,,,,
,12/21/2021 18:03,"Batch 'spakowicz_12', Well '1,H3' set to be reacquired.",,,,,,,,,,,,,,
,12/21/2021 18:03,"Batch 'spakowicz_12', Well '1,B4' set to be reacquired.",,,,,,,,,,,,,,
,12/21/2021 18:03,"Batch 'spakowicz_12', Well '1,C4' set to be reacquired.",,,,,,,,,,,,,,
,12/21/2021 18:03,"Batch 'spakowicz_12', Well '1,D4' set to be reacquired.",,,,,,,,,,,,,,
,12/21/2021 18:03,"Batch 'spakowicz_12', Well '1,E4' set to be reacquired.",,,,,,,,,,,,,,
,12/21/2021 18:03,"Batch 'spakowicz_12', Well '1,F4' set to be reacquired.",,,,,,,,,,,,,,
,12/21/2021 18:03,"Batch 'spakowicz_12', Well '1,G4' set to be reacquired.",,,,,,,,,,,,,,
,12/21/2021 18:03,"Batch 'spakowicz_12', Well '1,H4' set to be reacquired.",,,,,,,,,,,,,,
,12/21/2021 18:03,"Batch 'spakowicz_12', Well '1,A5' set to be reacquired.",,,,,,,,,,,,,,
,12/21/2021 18:03,"Batch 'spakowicz_12', Well '1,B5' set to be reacquired.",,,,,,,,,,,,,,
,12/21/2021 18:03,"Batch 'spakowicz_12', Well '1,C5' set to be reacquired.",,,,,,,,,,,,,,
,12/21/2021 18:03,"Batch 'spakowicz_12', Well '1,D5' set to be reacquired.",,,,,,,,,,,,,,
,12/21/2021 18:03,"Batch 'spakowicz_12', Well '1,E5' set to be reacquired.",,,,,,,,,,,,,,
,12/21/2021 18:03,"Batch 'spakowicz_12', Well '1,F5' set to be reacquired.",,,,,,,,,,,,,,
,12/21/2021 18:03,"Batch 'spakowicz_12', Well '1,G5' set to be reacquired.",,,,,,,,,,,,,,
,12/21/2021 18:03,"Batch 'spakowicz_12', Well '1,H5' set to be reacquired.",,,,,,,,,,,,,,
,12/21/2021 18:03,"Batch 'spakowicz_12', Well '1,A6' set to be reacquired.",,,,,,,,,,,,,,
,12/21/2021 18:03,"Batch 'spakowicz_12', Well '1,B6' set to be reacquired.",,,,,,,,,,,,,,
,12/21/2021 18:03,"Batch 'spakowicz_12', Well '1,C6' set to be reacquired.",,,,,,,,,,,,,,
,12/21/2021 18:03,"Batch 'spakowicz_12', Well '1,D6' set to be reacquired.",,,,,,,,,,,,,,
,12/21/2021 18:03,"Batch 'spakowicz_12', Well '1,E6' set to be reacquired.",,,,,,,,,,,,,,
,12/21/2021 18:03,"Batch 'spakowicz_12', Well '1,F6' set to be reacquired.",,,,,,,,,,,,,,
,12/21/2021 18:03,"Batch 'spakowicz_12', Well '1,G6' set to be reacquired.",,,,,,,,,,,,,,
,12/21/2021 18:03,"Batch 'spakowicz_12', Well '1,H6' set to be reacquired.",,,,,,,,,,,,,,
,12/21/2021 18:03,"Batch 'spakowicz_12', Well '1,A7' set to be reacquired.",,,,,,,,,,,,,,
,12/21/2021 18:03,"Batch 'spakowicz_12', Well '1,B7' set to be reacquired.",,,,,,,,,,,,,,
,12/21/2021 18:03,"Batch 'spakowicz_12', Well '1,C7' set to be reacquired.",,,,,,,,,,,,,,
,12/21/2021 18:03,"Batch 'spakowicz_12', Well '1,D7' set to be reacquired.",,,,,,,,,,,,,,
,12/21/2021 18:03,"Batch 'spakowicz_12', Well '1,E7' set to be reacquired.",,,,,,,,,,,,,,
,12/21/2021 18:03,"Batch 'spakowicz_12', Well '1,F7' set to be reacquired.",,,,,,,,,,,,,,
,12/21/2021 18:03,"Batch 'spakowicz_12', Well '1,G7' set to be reacquired.",,,,,,,,,,,,,,
,12/21/2021 18:03,"Batch 'spakowicz_12', Well '1,H7' set to be reacquired.",,,,,,,,,,,,,,
,12/21/2021 18:03,"Batch 'spakowicz_12', Well '1,A8' set to be reacquired.",,,,,,,,,,,,,,
,12/21/2021 18:03,"Batch 'spakowicz_12', Well '1,B8' set to be reacquired.",,,,,,,,,,,,,,
,12/21/2021 18:03,"Batch 'spakowicz_12', Well '1,C8' set to be reacquired.",,,,,,,,,,,,,,
,12/21/2021 18:03,"Batch 'spakowicz_12', Well '1,D8' set to be reacquired.",,,,,,,,,,,,,,
,12/21/2021 18:03,"Batch 'spakowicz_12', Well '1,E8' set to be reacquired.",,,,,,,,,,,,,,
,12/21/2021 18:03,"Batch 'spakowicz_12', Well '1,F8' set to be reacquired.",,,,,,,,,,,,,,
,12/21/2021 18:03,"Batch 'spakowicz_12', Well '1,G8' set to be reacquired.",,,,,,,,,,,,,,
,,,,,,,,,,,,,,,,
DataType:,Warnings/Errors,,,,,,,,,,,,,,,
Location,Status,Message,,,,,,,,,,,,,,
"1,G1",Warning,The acquisition had at least one region that did not reach the specified count.,,,,,,,,,,,,,,
"1,H5",Warning,The acquisition had at least one region that did not reach the specified count.,,,,,,,,,,,,,,
"1,C6",Warning,The acquisition had at least one region that did not reach the specified count.,,,,,,,,,,,,,,
"1,D6",Warning,The acquisition had at least one region that did not reach the specified count.,,,,,,,,,,,,,,
"1,E6",Warning,The acquisition had at least one region that did not reach the specified count.,,,,,,,,,,,,,,
"1,F6",Warning,The acquisition had at least one region that did not reach the specified count.,,,,,,,,,,,,,,
"1,G6",Warning,The acquisition had at least one region that did not reach the specified count.,,,,,,,,,,,,,,
"1,H6",Warning,The acquisition had at least one region that did not reach the specified count.,,,,,,,,,,,,,,
"1,A7",Warning,The acquisition had at least one region that did not reach the specified count.,,,,,,,,,,,,,,
"1,B7",Warning,The acquisition had at least one region that did not reach the specified count.,,,,,,,,,,,,,,
"1,C7",Warning,The acquisition had at least one region that did not reach the specified count.,,,,,,,,,,,,,,
"1,D7",Warning,The acquisition had at least one region that did not reach the specified count.,,,,,,,,,,,,,,
"1,E7",Warning,The acquisition had at least one region that did not reach the specified count.,,,,,,,,,,,,,,
"1,F7",Warning,The acquisition had at least one region that did not reach the specified count.,,,,,,,,,,,,,,
"1,G7",Warning,The acquisition had at least one region that did not reach the specified count.,,,,,,,,,,,,,,
"1,H7",Warning,The acquisition had at least one region that did not reach the specified count.,,,,,,,,,,,,,,
"1,A8",Warning,The acquisition had at least one region that did not reach the specified count.,,,,,,,,,,,,,,
"1,B8",Warning,The acquisition had at least one region that did not reach the specified count.,,,,,,,,,,,,,,
"1,C8",Warning,The acquisition had at least one region that did not reach the specified count.,,,,,,,,,,,,,,
"1,D8",Warning,The acquisition had at least one region that did not reach the specified count.,,,,,,,,,,,,,,
"1,E8",Warning,The acquisition had at least one region that did not reach the specified count.,,,,,,,,,,,,,,
"1,F8",Warning,The acquisition had at least one region that did not reach the specified count.,,,,,,,,,,,,,,
"1,G8",Warning,The acquisition had at least one region that did not reach the specified count.,,,,,,,,,,,,,,
"1,G1",Warning,The acquisition had at least one region that did not reach the specified count.,,,,,,,,,,,,,,
"1,C6",Warning,The acquisition had at least one region that did not reach the specified count.,,,,,,,,,,,,,,
"1,E6",Warning,The acquisition had at least one region that did not reach the specified count.,,,,,,,,,,,,,,
"1,G7",Warning,The acquisition had at least one region that did not reach the specified count.,,,,,,,,,,,,,,
"1,H7",Warning,The acquisition had at least one region that did not reach the specified count.,,,,,,,,,,,,,,
"1,A8",Warning,The acquisition had at least one region that did not reach the specified count.,,,,,,,,,,,,,,
,,,,,,,,,,,,,,,,
-- CRC --,,,,,,,,,,,,,,,,
CRC32: E43865D2,,,,,,,,,,,,,,,,
