sample	percent	reads	taxReads	kmers	cov	taxID	rank	taxName
FF08034068	0.2152	18281	18281	4489	1.106e-05	75079	species	Rubus occidentalis
FF08034070	0.6027	75733	75733	18019	4.439e-05	75079	species	Rubus occidentalis
FF08034073	0.2354	26797	26797	5508	1.357e-05	75079	species	Rubus occidentalis
FF08034074	0.2564	26077	26077	9524	2.346e-05	75079	species	Rubus occidentalis
FF08034080	0.2252	20920	20920	7760	1.912e-05	75079	species	Rubus occidentalis
FF08034083	0.1873	11394	11394	3370	8.302e-06	75079	species	Rubus occidentalis
FF08034084	0.3173	15308	15308	42905	0.0001057	75079	species	Rubus occidentalis
FF08034085	0.2477	24522	24522	4948	1.219e-05	75079	species	Rubus occidentalis
FF08034088	0.2683	27008	27008	5984	1.474e-05	75079	species	Rubus occidentalis
FF08034095	0.259	20874	20874	4410	1.086e-05	75079	species	Rubus occidentalis
FF08034099	0.2535	19566	19566	8755	2.157e-05	75079	species	Rubus occidentalis
FF08034100	0.224	19775	19775	4614	1.137e-05	75079	species	Rubus occidentalis
FF08034102	0.2797	21287	21287	6167	1.519e-05	75079	species	Rubus occidentalis
FF08034110	0.2469	22163	22163	4795	1.181e-05	75079	species	Rubus occidentalis
FF08034111	0.2245	25570	25570	5224	1.287e-05	75079	species	Rubus occidentalis
FF08034117	0.5797	68622	68622	6514	1.605e-05	75079	species	Rubus occidentalis
FF08034120	0.5662	69829	69829	12075	2.975e-05	75079	species	Rubus occidentalis
FF08034123	0.4398	39796	39796	19970	4.92e-05	75079	species	Rubus occidentalis
FF08034124	0.6084	61085	61085	6606	1.627e-05	75079	species	Rubus occidentalis
FF08034125	0.2489	23475	23475	6498	1.601e-05	75079	species	Rubus occidentalis
FF08034132	0.2643	19844	19844	18062	4.45e-05	75079	species	Rubus occidentalis
FF08034135	0.2911	28206	28206	23258	5.73e-05	75079	species	Rubus occidentalis
FF08034144	0.2484	28614	28614	9918	2.443e-05	75079	species	Rubus occidentalis
FF08034146	0.2472	18266	18266	4667	1.15e-05	75079	species	Rubus occidentalis
FF08034148	0.2659	23964	23964	5159	1.271e-05	75079	species	Rubus occidentalis
FF08034156	0.2531	22511	22511	4970	1.224e-05	75079	species	Rubus occidentalis
FF08034159	0.2406	23462	23462	4531	1.116e-05	75079	species	Rubus occidentalis
FF08034160	0.2925	26332	26332	5868	1.446e-05	75079	species	Rubus occidentalis
FF08034166	0.2486	21169	21169	9563	2.356e-05	75079	species	Rubus occidentalis
FF08034172	0.2462	22620	22620	6307	1.554e-05	75079	species	Rubus occidentalis
FF08034174	0.2372	19886	19886	4574	1.127e-05	75079	species	Rubus occidentalis
FF08034175	0.21	15606	15606	3870	9.534e-06	75079	species	Rubus occidentalis
FF08034179	0.2412	19991	19991	5740	1.414e-05	75079	species	Rubus occidentalis
FF08034189	0.248	19407	19407	4393	1.082e-05	75079	species	Rubus occidentalis
FF08034190	0.2214	17984	17984	4485	1.105e-05	75079	species	Rubus occidentalis
FF08034192	0.2343	19575	19575	9282	2.287e-05	75079	species	Rubus occidentalis
FF08034193	0.2433	18496	18496	5046	1.243e-05	75079	species	Rubus occidentalis
FF08034199	0.2252	21428	21428	4371	1.077e-05	75079	species	Rubus occidentalis
FF08034205	0.2272	22831	22831	5668	1.396e-05	75079	species	Rubus occidentalis
FF08034213	0.2823	24725	24725	18790	4.629e-05	75079	species	Rubus occidentalis
FF08034225	0.5752	3111	3111	2732	6.73e-06	75079	species	Rubus occidentalis
FF08034227	0.2255	20818	20818	4905	1.208e-05	75079	species	Rubus occidentalis
FF08034232	0.3093	40839	40839	7015	1.728e-05	75079	species	Rubus occidentalis
FF08034233	0.3244	32332	32332	9531	2.348e-05	75079	species	Rubus occidentalis
FF08034239	0.2486	24461	24461	7819	1.926e-05	75079	species	Rubus occidentalis
FF08034250	0.6246	76012	76012	18069	4.451e-05	75079	species	Rubus occidentalis
FF08034256	0.2785	25355	25355	17246	4.249e-05	75079	species	Rubus occidentalis
FF08034257	0.4717	43295	43295	6347	1.564e-05	75079	species	Rubus occidentalis
FF08034266	0.2317	16531	16531	4588	1.13e-05	75079	species	Rubus occidentalis
FF08034272	0.2381	21906	21906	13328	3.283e-05	75079	species	Rubus occidentalis
FF08034274	0.2425	23145	23145	8322	2.05e-05	75079	species	Rubus occidentalis
FF08034277	0.2486	28360	28360	5147	1.268e-05	75079	species	Rubus occidentalis
FF08034285	0.2925	3369	3369	5056	1.246e-05	75079	species	Rubus occidentalis
FF08034288	0.2356	23788	23788	12884	3.174e-05	75079	species	Rubus occidentalis
FF08034289	0.2612	21098	21098	4379	1.079e-05	75079	species	Rubus occidentalis
FF08034290	0.5925	95532	95532	13571	3.343e-05	75079	species	Rubus occidentalis
FF08034298	0.2408	17455	17455	3763	9.27e-06	75079	species	Rubus occidentalis
FF08034306	0.2837	9675	9675	5209	1.283e-05	75079	species	Rubus occidentalis
FF08034317	0.2602	27790	27790	14244	3.509e-05	75079	species	Rubus occidentalis
FF08034321	0.2601	21337	21337	5223	1.287e-05	75079	species	Rubus occidentalis
FF08034332	0.5345	83408	83408	9112	2.245e-05	75079	species	Rubus occidentalis
FF08034337	0.2533	22393	22393	40867	0.0001007	75079	species	Rubus occidentalis
FF08034338	35.64	33080	33080	1508	3.715e-06	75079	species	Rubus occidentalis
FF08034340	0.5166	62395	62395	7028	1.731e-05	75079	species	Rubus occidentalis
FF08034341	0.2336	19177	19177	4402	1.084e-05	75079	species	Rubus occidentalis
FF08034347	0.5542	81077	81077	12711	3.131e-05	75079	species	Rubus occidentalis
FF08034348	0.2626	23793	23793	5678	1.399e-05	75079	species	Rubus occidentalis
FF08034353	0.2425	19277	19277	9120	2.247e-05	75079	species	Rubus occidentalis
FF08034354	0.215	18600	18600	5375	1.324e-05	75079	species	Rubus occidentalis
FF08034356	0.2659	22814	22814	7203	1.774e-05	75079	species	Rubus occidentalis
FF08034357	0.2904	27015	27015	15801	3.893e-05	75079	species	Rubus occidentalis
FF08034359	0.4021	36612	36612	14142	3.484e-05	75079	species	Rubus occidentalis
FF08034360	0.755	99756	99756	8282	2.04e-05	75079	species	Rubus occidentalis
FF08034365	0.4942	78093	78093	6854	1.688e-05	75079	species	Rubus occidentalis
FF08034366	0.3629	59654	59654	23003	5.667e-05	75079	species	Rubus occidentalis
FF08034372	0.5712	65384	65384	32591	8.029e-05	75079	species	Rubus occidentalis
FF08034373	0.2845	28340	28340	57223	0.000141	75079	species	Rubus occidentalis
FF08034375	0.4242	64523	64523	6502	1.602e-05	75079	species	Rubus occidentalis
FF08034378	0.3433	30368	30368	7128	1.756e-05	75079	species	Rubus occidentalis
FF08034389	0.7419	95687	95687	7871	1.939e-05	75079	species	Rubus occidentalis
FF08034397	0.3043	32833	32833	6315	1.556e-05	75079	species	Rubus occidentalis
FF08034398	0.2874	29440	29440	6484	1.597e-05	75079	species	Rubus occidentalis
FF08034403	0.3058	26766	26766	4669	1.15e-05	75079	species	Rubus occidentalis
FF08034408	0.4508	23435	23435	147556	0.0003635	75079	species	Rubus occidentalis
FF08034409	0.447	48129	48129	5594	1.378e-05	75079	species	Rubus occidentalis
FF08034410	0.4269	17710	17710	11820	2.912e-05	75079	species	Rubus occidentalis
FF08034411	0.2309	22628	22628	4897	1.206e-05	75079	species	Rubus occidentalis
FF08034412	0.2312	21600	21600	8185	2.016e-05	75079	species	Rubus occidentalis
FF08034414	0.2374	17700	17700	3824	9.42e-06	75079	species	Rubus occidentalis
FF08034416	0.2243	16583	16583	25935	6.389e-05	75079	species	Rubus occidentalis
FF08034417	0.5264	66219	66219	7056	1.738e-05	75079	species	Rubus occidentalis
FF08034421	0.2765	22275	22275	4620	1.138e-05	75079	species	Rubus occidentalis
FF08034427	0.2523	16829	16829	3956	9.746e-06	75079	species	Rubus occidentalis
FF08034431	0.2226	24270	24270	5065	1.248e-05	75079	species	Rubus occidentalis
FF08034433	0.2808	26828	26828	5404	1.331e-05	75079	species	Rubus occidentalis
FF08034435	0.2192	19884	19884	5418	1.335e-05	75079	species	Rubus occidentalis
FF08034437	0.2634	21845	21845	11057	2.724e-05	75079	species	Rubus occidentalis
FF08034440	1.118	15247	15247	3804	9.371e-06	75079	species	Rubus occidentalis
FF08034443	0.2998	23591	23591	5087	1.253e-05	75079	species	Rubus occidentalis
FF08034444	0.2547	23586	23586	7269	1.791e-05	75079	species	Rubus occidentalis
FF08034446	0.2524	22240	22240	4821	1.188e-05	75079	species	Rubus occidentalis
FF08034447	0.2631	22401	22401	10303	2.538e-05	75079	species	Rubus occidentalis
FF08034450	0.2728	29572	29572	4910	1.21e-05	75079	species	Rubus occidentalis
FF08034452	0.2758	26149	26149	5151	1.269e-05	75079	species	Rubus occidentalis
FF08034455	0.2273	20785	20785	4614	1.137e-05	75079	species	Rubus occidentalis
FF08034460	0.5241	74498	74498	11236	2.768e-05	75079	species	Rubus occidentalis
FF08034461	0.6098	31859	31859	10907	2.687e-05	75079	species	Rubus occidentalis
FF08034463	0.292	27804	27804	12781	3.149e-05	75079	species	Rubus occidentalis
FF08034467	0.235	21232	21232	4752	1.171e-05	75079	species	Rubus occidentalis
FF08034468	0.2873	22833	22833	5164	1.272e-05	75079	species	Rubus occidentalis
FF08034481	0.2549	17406	17406	3690	9.09e-06	75079	species	Rubus occidentalis
FF08034482	0.2643	25380	25380	5132	1.264e-05	75079	species	Rubus occidentalis
FF08034490	0.2379	21769	21769	12456	3.069e-05	75079	species	Rubus occidentalis
FF08034494	0.2849	19788	19788	6065	1.494e-05	75079	species	Rubus occidentalis
FF08034495	0.2384	20428	20428	13260	3.267e-05	75079	species	Rubus occidentalis
FF08034497	0.232	24477	24477	5120	1.261e-05	75079	species	Rubus occidentalis
FF08034500	0.7317	49698	49698	16978	4.183e-05	75079	species	Rubus occidentalis
FF08034501	0.7168	93095	93095	13846	3.411e-05	75079	species	Rubus occidentalis
FF08034504	0.2465	26930	26930	6070	1.495e-05	75079	species	Rubus occidentalis
FF08034505	0.2471	21976	21976	5124	1.262e-05	75079	species	Rubus occidentalis
FF08034510	0.2552	20569	20569	5927	1.46e-05	75079	species	Rubus occidentalis
FF08034515	0.2226	19512	19512	15340	3.779e-05	75079	species	Rubus occidentalis
FF08034519	0.2953	20156	20156	12840	3.163e-05	75079	species	Rubus occidentalis
FF08034521	0.4927	57998	57998	6645	1.637e-05	75079	species	Rubus occidentalis
FF08034525	0.6893	59362	59362	20193	4.975e-05	75079	species	Rubus occidentalis
FF08034528	0.5084	83414	83414	11943	2.942e-05	75079	species	Rubus occidentalis
FF08034530	0.2792	24754	24754	14104	3.475e-05	75079	species	Rubus occidentalis
FF08034534	0.2604	25526	25526	7023	1.73e-05	75079	species	Rubus occidentalis
FF08034537	0.5497	81270	81270	8403	2.07e-05	75079	species	Rubus occidentalis
FF08034538	0.6998	97488	97488	7820	1.926e-05	75079	species	Rubus occidentalis
FF08034540	0.2584	23860	23860	5285	1.302e-05	75079	species	Rubus occidentalis
